..\..\data\raw\systems\parquet\1304\system_1304__date_2013_11_23.snappy.000.parquet,pvdaq/parquet/pvdata/system_id=1304/year=2013/month=11/day=23/system_1304__date_2013_11_23.snappy.000.parquet,1771376575.3128004
..\..\data\raw\systems\parquet\1304\system_1304__date_2013_11_24.snappy.000.parquet,pvdaq/parquet/pvdata/system_id=1304/year=2013/month=11/day=24/system_1304__date_2013_11_24.snappy.000.parquet,1771376575.528238
..\..\data\raw\systems\parquet\1304\system_1304__date_2013_11_25.snappy.000.parquet,pvdaq/parquet/pvdata/system_id=1304/year=2013/month=11/day=25/system_1304__date_2013_11_25.snappy.000.parquet,1771376575.7545485
..\..\data\raw\systems\parquet\1304\system_1304__date_2013_11_26.snappy.000.parquet,pvdaq/parquet/pvdata/system_id=1304/year=2013/month=11/day=26/system_1304__date_2013_11_26.snappy.000.parquet,1771376575.9698262
..\..\data\raw\systems\parquet\1304\system_1304__date_2013_11_27.snappy.000.parquet,pvdaq/parquet/pvdata/system_id=1304/year=2013/month=11/day=27/system_1304__date_2013_11_27.snappy.000.parquet,1771376576.2279456
..\..\data\raw\systems\parquet\1304\system_1304__date_2013_11_28.snappy.000.parquet,pvdaq/parquet/pvdata/system_id=1304/year=2013/month=11/day=28/system_1304__date_2013_11_28.snappy.000.parquet,1771376576.4295523
..\..\data\raw\systems\parquet\1304\system_1304__date_2013_11_29.snappy.000.parquet,pvdaq/parquet/pvdata/system_id=1304/year=2013/month=11/day=29/system_1304__date_2013_11_29.snappy.000.parquet,1771376576.6578746
..\..\data\raw\systems\parquet\1304\system_1304__date_2013_11_30.snappy.000.parquet,pvdaq/parquet/pvdata/system_id=1304/year=2013/month=11/day=30/system_1304__date_2013_11_30.snappy.000.parquet,1771376576.910152
..\..\data\raw\systems\parquet\1304\system_1304__date_2013_12_01.snappy.000.parquet,pvdaq/parquet/pvdata/system_id=1304/year=2013/month=12/day=1/system_1304__date_2013_12_01.snappy.000.parquet,1771376577.1230521
..\..\data\raw\systems\parquet\1304\system_1304__date_2013_12_10.snappy.000.parquet,pvdaq/parquet/pvdata/system_id=1304/year=2013/month=12/day=10/system_1304__date_2013_12_10.snappy.000.parquet,1771376577.3558557
..\..\data\raw\systems\parquet\1304\system_1304__date_2013_12_11.snappy.000.parquet,pvdaq/parquet/pvdata/system_id=1304/year=2013/month=12/day=11/system_1304__date_2013_12_11.snappy.000.parquet,1771376577.5761752
..\..\data\raw\systems\parquet\1304\system_1304__date_2013_12_12.snappy.000.parquet,pvdaq/parquet/pvdata/system_id=1304/year=2013/month=12/day=12/system_1304__date_2013_12_12.snappy.000.parquet,1771376577.7910655
..\..\data\raw\systems\parquet\1304\system_1304__date_2013_12_13.snappy.000.parquet,pvdaq/parquet/pvdata/system_id=1304/year=2013/month=12/day=13/system_1304__date_2013_12_13.snappy.000.parquet,1771376578.001405
..\..\data\raw\systems\parquet\1304\system_1304__date_2013_12_14.snappy.000.parquet,pvdaq/parquet/pvdata/system_id=1304/year=2013/month=12/day=14/system_1304__date_2013_12_14.snappy.000.parquet,1771376578.240038
..\..\data\raw\systems\parquet\1304\system_1304__date_2013_12_15.snappy.000.parquet,pvdaq/parquet/pvdata/system_id=1304/year=2013/month=12/day=15/system_1304__date_2013_12_15.snappy.000.parquet,1771376578.4880698
..\..\data\raw\systems\parquet\1304\system_1304__date_2013_12_16.snappy.000.parquet,pvdaq/parquet/pvdata/system_id=1304/year=2013/month=12/day=16/system_1304__date_2013_12_16.snappy.000.parquet,1771376578.8011484
..\..\data\raw\systems\parquet\1304\system_1304__date_2013_12_17.snappy.000.parquet,pvdaq/parquet/pvdata/system_id=1304/year=2013/month=12/day=17/system_1304__date_2013_12_17.snappy.000.parquet,1771376579.0288372
..\..\data\raw\systems\parquet\1304\system_1304__date_2013_12_18.snappy.000.parquet,pvdaq/parquet/pvdata/system_id=1304/year=2013/month=12/day=18/system_1304__date_2013_12_18.snappy.000.parquet,1771376579.2301855
..\..\data\raw\systems\parquet\1304\system_1304__date_2013_12_19.snappy.000.parquet,pvdaq/parquet/pvdata/system_id=1304/year=2013/month=12/day=19/system_1304__date_2013_12_19.snappy.000.parquet,1771376579.4718564
..\..\data\raw\systems\parquet\1304\system_1304__date_2013_12_02.snappy.000.parquet,pvdaq/parquet/pvdata/system_id=1304/year=2013/month=12/day=2/system_1304__date_2013_12_02.snappy.000.parquet,1771376579.679903
..\..\data\raw\systems\parquet\1304\system_1304__date_2013_12_20.snappy.000.parquet,pvdaq/parquet/pvdata/system_id=1304/year=2013/month=12/day=20/system_1304__date_2013_12_20.snappy.000.parquet,1771376579.961478
..\..\data\raw\systems\parquet\1304\system_1304__date_2013_12_21.snappy.000.parquet,pvdaq/parquet/pvdata/system_id=1304/year=2013/month=12/day=21/system_1304__date_2013_12_21.snappy.000.parquet,1771376580.1848903
..\..\data\raw\systems\parquet\1304\system_1304__date_2013_12_22.snappy.000.parquet,pvdaq/parquet/pvdata/system_id=1304/year=2013/month=12/day=22/system_1304__date_2013_12_22.snappy.000.parquet,1771376580.3929608
..\..\data\raw\systems\parquet\1304\system_1304__date_2013_12_23.snappy.000.parquet,pvdaq/parquet/pvdata/system_id=1304/year=2013/month=12/day=23/system_1304__date_2013_12_23.snappy.000.parquet,1771376580.637307
..\..\data\raw\systems\parquet\1304\system_1304__date_2013_12_24.snappy.000.parquet,pvdaq/parquet/pvdata/system_id=1304/year=2013/month=12/day=24/system_1304__date_2013_12_24.snappy.000.parquet,1771376580.8709664
..\..\data\raw\systems\parquet\1304\system_1304__date_2013_12_25.snappy.000.parquet,pvdaq/parquet/pvdata/system_id=1304/year=2013/month=12/day=25/system_1304__date_2013_12_25.snappy.000.parquet,1771376581.0774496
..\..\data\raw\systems\parquet\1304\system_1304__date_2013_12_26.snappy.000.parquet,pvdaq/parquet/pvdata/system_id=1304/year=2013/month=12/day=26/system_1304__date_2013_12_26.snappy.000.parquet,1771376581.3895566
..\..\data\raw\systems\parquet\1304\system_1304__date_2013_12_27.snappy.000.parquet,pvdaq/parquet/pvdata/system_id=1304/year=2013/month=12/day=27/system_1304__date_2013_12_27.snappy.000.parquet,1771376581.696211
..\..\data\raw\systems\parquet\1304\system_1304__date_2013_12_28.snappy.000.parquet,pvdaq/parquet/pvdata/system_id=1304/year=2013/month=12/day=28/system_1304__date_2013_12_28.snappy.000.parquet,1771376581.906728
..\..\data\raw\systems\parquet\1304\system_1304__date_2013_12_29.snappy.000.parquet,pvdaq/parquet/pvdata/system_id=1304/year=2013/month=12/day=29/system_1304__date_2013_12_29.snappy.000.parquet,1771376582.1968782
..\..\data\raw\systems\parquet\1304\system_1304__date_2013_12_03.snappy.000.parquet,pvdaq/parquet/pvdata/system_id=1304/year=2013/month=12/day=3/system_1304__date_2013_12_03.snappy.000.parquet,1771376582.4674613
..\..\data\raw\systems\parquet\1304\system_1304__date_2013_12_30.snappy.000.parquet,pvdaq/parquet/pvdata/system_id=1304/year=2013/month=12/day=30/system_1304__date_2013_12_30.snappy.000.parquet,1771376582.675644
..\..\data\raw\systems\parquet\1304\system_1304__date_2013_12_31.snappy.000.parquet,pvdaq/parquet/pvdata/system_id=1304/year=2013/month=12/day=31/system_1304__date_2013_12_31.snappy.000.parquet,1771376582.9141738
..\..\data\raw\systems\parquet\1304\system_1304__date_2013_12_04.snappy.000.parquet,pvdaq/parquet/pvdata/system_id=1304/year=2013/month=12/day=4/system_1304__date_2013_12_04.snappy.000.parquet,1771376583.1616657
..\..\data\raw\systems\parquet\1304\system_1304__date_2013_12_05.snappy.000.parquet,pvdaq/parquet/pvdata/system_id=1304/year=2013/month=12/day=5/system_1304__date_2013_12_05.snappy.000.parquet,1771376583.3914416
..\..\data\raw\systems\parquet\1304\system_1304__date_2013_12_06.snappy.000.parquet,pvdaq/parquet/pvdata/system_id=1304/year=2013/month=12/day=6/system_1304__date_2013_12_06.snappy.000.parquet,1771376583.6000495
..\..\data\raw\systems\parquet\1304\system_1304__date_2013_12_07.snappy.000.parquet,pvdaq/parquet/pvdata/system_id=1304/year=2013/month=12/day=7/system_1304__date_2013_12_07.snappy.000.parquet,1771376583.8265162
..\..\data\raw\systems\parquet\1304\system_1304__date_2013_12_08.snappy.000.parquet,pvdaq/parquet/pvdata/system_id=1304/year=2013/month=12/day=8/system_1304__date_2013_12_08.snappy.000.parquet,1771376584.0851066
..\..\data\raw\systems\parquet\1304\system_1304__date_2013_12_09.snappy.000.parquet,pvdaq/parquet/pvdata/system_id=1304/year=2013/month=12/day=9/system_1304__date_2013_12_09.snappy.000.parquet,1771376584.2906477
..\..\data\raw\systems\parquet\1304\system_1304__date_2013_02_18.snappy.000.parquet,pvdaq/parquet/pvdata/system_id=1304/year=2013/month=2/day=18/system_1304__date_2013_02_18.snappy.000.parquet,1771376584.4897146
..\..\data\raw\systems\parquet\1304\system_1304__date_2013_02_19.snappy.000.parquet,pvdaq/parquet/pvdata/system_id=1304/year=2013/month=2/day=19/system_1304__date_2013_02_19.snappy.000.parquet,1771376584.7524767
..\..\data\raw\systems\parquet\1304\system_1304__date_2013_02_20.snappy.000.parquet,pvdaq/parquet/pvdata/system_id=1304/year=2013/month=2/day=20/system_1304__date_2013_02_20.snappy.000.parquet,1771376585.048737
..\..\data\raw\systems\parquet\1304\system_1304__date_2013_02_21.snappy.000.parquet,pvdaq/parquet/pvdata/system_id=1304/year=2013/month=2/day=21/system_1304__date_2013_02_21.snappy.000.parquet,1771376585.2487097
..\..\data\raw\systems\parquet\1304\system_1304__date_2013_02_22.snappy.000.parquet,pvdaq/parquet/pvdata/system_id=1304/year=2013/month=2/day=22/system_1304__date_2013_02_22.snappy.000.parquet,1771376585.508922
..\..\data\raw\systems\parquet\1304\system_1304__date_2013_02_23.snappy.000.parquet,pvdaq/parquet/pvdata/system_id=1304/year=2013/month=2/day=23/system_1304__date_2013_02_23.snappy.000.parquet,1771376585.7067652
..\..\data\raw\systems\parquet\1304\system_1304__date_2013_02_24.snappy.000.parquet,pvdaq/parquet/pvdata/system_id=1304/year=2013/month=2/day=24/system_1304__date_2013_02_24.snappy.000.parquet,1771376585.9177892
..\..\data\raw\systems\parquet\1304\system_1304__date_2013_02_25.snappy.000.parquet,pvdaq/parquet/pvdata/system_id=1304/year=2013/month=2/day=25/system_1304__date_2013_02_25.snappy.000.parquet,1771376586.1988363
..\..\data\raw\systems\parquet\1304\system_1304__date_2013_02_26.snappy.000.parquet,pvdaq/parquet/pvdata/system_id=1304/year=2013/month=2/day=26/system_1304__date_2013_02_26.snappy.000.parquet,1771376586.4089525
..\..\data\raw\systems\parquet\1304\system_1304__date_2013_02_27.snappy.000.parquet,pvdaq/parquet/pvdata/system_id=1304/year=2013/month=2/day=27/system_1304__date_2013_02_27.snappy.000.parquet,1771376586.6640813
..\..\data\raw\systems\parquet\1304\system_1304__date_2013_02_28.snappy.000.parquet,pvdaq/parquet/pvdata/system_id=1304/year=2013/month=2/day=28/system_1304__date_2013_02_28.snappy.000.parquet,1771376586.9060411
..\..\data\raw\systems\parquet\1304\system_1304__date_2013_03_01.snappy.000.parquet,pvdaq/parquet/pvdata/system_id=1304/year=2013/month=3/day=1/system_1304__date_2013_03_01.snappy.000.parquet,1771376587.825014
..\..\data\raw\systems\parquet\1304\system_1304__date_2013_03_02.snappy.000.parquet,pvdaq/parquet/pvdata/system_id=1304/year=2013/month=3/day=2/system_1304__date_2013_03_02.snappy.000.parquet,1771376588.075243
..\..\data\raw\systems\parquet\1304\system_1304__date_2013_03_03.snappy.000.parquet,pvdaq/parquet/pvdata/system_id=1304/year=2013/month=3/day=3/system_1304__date_2013_03_03.snappy.000.parquet,1771376588.283163
..\..\data\raw\systems\parquet\1304\system_1304__date_2013_03_04.snappy.000.parquet,pvdaq/parquet/pvdata/system_id=1304/year=2013/month=3/day=4/system_1304__date_2013_03_04.snappy.000.parquet,1771376588.6234603
..\..\data\raw\systems\parquet\1304\system_1304__date_2013_03_05.snappy.000.parquet,pvdaq/parquet/pvdata/system_id=1304/year=2013/month=3/day=5/system_1304__date_2013_03_05.snappy.000.parquet,1771376588.8399842
..\..\data\raw\systems\parquet\1304\system_1304__date_2014_01_01.snappy.000.parquet,pvdaq/parquet/pvdata/system_id=1304/year=2014/month=1/day=1/system_1304__date_2014_01_01.snappy.000.parquet,1771376589.0621445
..\..\data\raw\systems\parquet\1304\system_1304__date_2014_01_10.snappy.000.parquet,pvdaq/parquet/pvdata/system_id=1304/year=2014/month=1/day=10/system_1304__date_2014_01_10.snappy.000.parquet,1771376589.295286
..\..\data\raw\systems\parquet\1304\system_1304__date_2014_01_11.snappy.000.parquet,pvdaq/parquet/pvdata/system_id=1304/year=2014/month=1/day=11/system_1304__date_2014_01_11.snappy.000.parquet,1771376589.5068214
..\..\data\raw\systems\parquet\1304\system_1304__date_2014_01_12.snappy.000.parquet,pvdaq/parquet/pvdata/system_id=1304/year=2014/month=1/day=12/system_1304__date_2014_01_12.snappy.000.parquet,1771376589.7553842
..\..\data\raw\systems\parquet\1304\system_1304__date_2014_01_13.snappy.000.parquet,pvdaq/parquet/pvdata/system_id=1304/year=2014/month=1/day=13/system_1304__date_2014_01_13.snappy.000.parquet,1771376589.9875324
..\..\data\raw\systems\parquet\1304\system_1304__date_2014_01_14.snappy.000.parquet,pvdaq/parquet/pvdata/system_id=1304/year=2014/month=1/day=14/system_1304__date_2014_01_14.snappy.000.parquet,1771376590.2136655
..\..\data\raw\systems\parquet\1304\system_1304__date_2014_01_15.snappy.000.parquet,pvdaq/parquet/pvdata/system_id=1304/year=2014/month=1/day=15/system_1304__date_2014_01_15.snappy.000.parquet,1771376590.4205885
..\..\data\raw\systems\parquet\1304\system_1304__date_2014_01_16.snappy.000.parquet,pvdaq/parquet/pvdata/system_id=1304/year=2014/month=1/day=16/system_1304__date_2014_01_16.snappy.000.parquet,1771376590.663996
..\..\data\raw\systems\parquet\1304\system_1304__date_2014_01_17.snappy.000.parquet,pvdaq/parquet/pvdata/system_id=1304/year=2014/month=1/day=17/system_1304__date_2014_01_17.snappy.000.parquet,1771376590.866995
..\..\data\raw\systems\parquet\1304\system_1304__date_2014_01_18.snappy.000.parquet,pvdaq/parquet/pvdata/system_id=1304/year=2014/month=1/day=18/system_1304__date_2014_01_18.snappy.000.parquet,1771376591.0919971
..\..\data\raw\systems\parquet\1304\system_1304__date_2014_01_19.snappy.000.parquet,pvdaq/parquet/pvdata/system_id=1304/year=2014/month=1/day=19/system_1304__date_2014_01_19.snappy.000.parquet,1771376591.3357317
..\..\data\raw\systems\parquet\1304\system_1304__date_2014_01_02.snappy.000.parquet,pvdaq/parquet/pvdata/system_id=1304/year=2014/month=1/day=2/system_1304__date_2014_01_02.snappy.000.parquet,1771376591.5549073
..\..\data\raw\systems\parquet\1304\system_1304__date_2014_01_20.snappy.000.parquet,pvdaq/parquet/pvdata/system_id=1304/year=2014/month=1/day=20/system_1304__date_2014_01_20.snappy.000.parquet,1771376591.766919
..\..\data\raw\systems\parquet\1304\system_1304__date_2014_01_21.snappy.000.parquet,pvdaq/parquet/pvdata/system_id=1304/year=2014/month=1/day=21/system_1304__date_2014_01_21.snappy.000.parquet,1771376592.0409827
..\..\data\raw\systems\parquet\1304\system_1304__date_2014_01_22.snappy.000.parquet,pvdaq/parquet/pvdata/system_id=1304/year=2014/month=1/day=22/system_1304__date_2014_01_22.snappy.000.parquet,1771376592.2548273
..\..\data\raw\systems\parquet\1304\system_1304__date_2014_01_23.snappy.000.parquet,pvdaq/parquet/pvdata/system_id=1304/year=2014/month=1/day=23/system_1304__date_2014_01_23.snappy.000.parquet,1771376592.4657967
..\..\data\raw\systems\parquet\1304\system_1304__date_2014_01_24.snappy.000.parquet,pvdaq/parquet/pvdata/system_id=1304/year=2014/month=1/day=24/system_1304__date_2014_01_24.snappy.000.parquet,1771376592.7520244
..\..\data\raw\systems\parquet\1304\system_1304__date_2014_01_25.snappy.000.parquet,pvdaq/parquet/pvdata/system_id=1304/year=2014/month=1/day=25/system_1304__date_2014_01_25.snappy.000.parquet,1771376592.9635656
..\..\data\raw\systems\parquet\1304\system_1304__date_2014_01_26.snappy.000.parquet,pvdaq/parquet/pvdata/system_id=1304/year=2014/month=1/day=26/system_1304__date_2014_01_26.snappy.000.parquet,1771376593.205546
..\..\data\raw\systems\parquet\1304\system_1304__date_2014_01_27.snappy.000.parquet,pvdaq/parquet/pvdata/system_id=1304/year=2014/month=1/day=27/system_1304__date_2014_01_27.snappy.000.parquet,1771376593.499106
..\..\data\raw\systems\parquet\1304\system_1304__date_2014_01_28.snappy.000.parquet,pvdaq/parquet/pvdata/system_id=1304/year=2014/month=1/day=28/system_1304__date_2014_01_28.snappy.000.parquet,1771376593.7068849
..\..\data\raw\systems\parquet\1304\system_1304__date_2014_01_29.snappy.000.parquet,pvdaq/parquet/pvdata/system_id=1304/year=2014/month=1/day=29/system_1304__date_2014_01_29.snappy.000.parquet,1771376593.9190845
..\..\data\raw\systems\parquet\1304\system_1304__date_2014_01_03.snappy.000.parquet,pvdaq/parquet/pvdata/system_id=1304/year=2014/month=1/day=3/system_1304__date_2014_01_03.snappy.000.parquet,1771376594.174597
..\..\data\raw\systems\parquet\1304\system_1304__date_2014_01_30.snappy.000.parquet,pvdaq/parquet/pvdata/system_id=1304/year=2014/month=1/day=30/system_1304__date_2014_01_30.snappy.000.parquet,1771376594.3830802
..\..\data\raw\systems\parquet\1304\system_1304__date_2014_01_31.snappy.000.parquet,pvdaq/parquet/pvdata/system_id=1304/year=2014/month=1/day=31/system_1304__date_2014_01_31.snappy.000.parquet,1771376594.593602
..\..\data\raw\systems\parquet\1304\system_1304__date_2014_01_04.snappy.000.parquet,pvdaq/parquet/pvdata/system_id=1304/year=2014/month=1/day=4/system_1304__date_2014_01_04.snappy.000.parquet,1771376594.8214347
..\..\data\raw\systems\parquet\1304\system_1304__date_2014_01_05.snappy.000.parquet,pvdaq/parquet/pvdata/system_id=1304/year=2014/month=1/day=5/system_1304__date_2014_01_05.snappy.000.parquet,1771376595.0807357
..\..\data\raw\systems\parquet\1304\system_1304__date_2014_01_06.snappy.000.parquet,pvdaq/parquet/pvdata/system_id=1304/year=2014/month=1/day=6/system_1304__date_2014_01_06.snappy.000.parquet,1771376595.3271563
..\..\data\raw\systems\parquet\1304\system_1304__date_2014_01_07.snappy.000.parquet,pvdaq/parquet/pvdata/system_id=1304/year=2014/month=1/day=7/system_1304__date_2014_01_07.snappy.000.parquet,1771376595.5379796
..\..\data\raw\systems\parquet\1304\system_1304__date_2014_01_08.snappy.000.parquet,pvdaq/parquet/pvdata/system_id=1304/year=2014/month=1/day=8/system_1304__date_2014_01_08.snappy.000.parquet,1771376595.7857542
..\..\data\raw\systems\parquet\1304\system_1304__date_2014_01_09.snappy.000.parquet,pvdaq/parquet/pvdata/system_id=1304/year=2014/month=1/day=9/system_1304__date_2014_01_09.snappy.000.parquet,1771376595.9850516
..\..\data\raw\systems\parquet\1304\system_1304__date_2014_02_01.snappy.000.parquet,pvdaq/parquet/pvdata/system_id=1304/year=2014/month=2/day=1/system_1304__date_2014_02_01.snappy.000.parquet,1771376596.1963913
..\..\data\raw\systems\parquet\1304\system_1304__date_2014_02_10.snappy.000.parquet,pvdaq/parquet/pvdata/system_id=1304/year=2014/month=2/day=10/system_1304__date_2014_02_10.snappy.000.parquet,1771376596.431606
..\..\data\raw\systems\parquet\1304\system_1304__date_2014_02_11.snappy.000.parquet,pvdaq/parquet/pvdata/system_id=1304/year=2014/month=2/day=11/system_1304__date_2014_02_11.snappy.000.parquet,1771376596.6938164
..\..\data\raw\systems\parquet\1304\system_1304__date_2014_02_12.snappy.000.parquet,pvdaq/parquet/pvdata/system_id=1304/year=2014/month=2/day=12/system_1304__date_2014_02_12.snappy.000.parquet,1771376596.9803498
..\..\data\raw\systems\parquet\1304\system_1304__date_2014_02_13.snappy.000.parquet,pvdaq/parquet/pvdata/system_id=1304/year=2014/month=2/day=13/system_1304__date_2014_02_13.snappy.000.parquet,1771376597.214017
..\..\data\raw\systems\parquet\1304\system_1304__date_2014_02_14.snappy.000.parquet,pvdaq/parquet/pvdata/system_id=1304/year=2014/month=2/day=14/system_1304__date_2014_02_14.snappy.000.parquet,1771376597.433195
..\..\data\raw\systems\parquet\1304\system_1304__date_2014_02_15.snappy.000.parquet,pvdaq/parquet/pvdata/system_id=1304/year=2014/month=2/day=15/system_1304__date_2014_02_15.snappy.000.parquet,1771376597.6569598
..\..\data\raw\systems\parquet\1304\system_1304__date_2014_02_16.snappy.000.parquet,pvdaq/parquet/pvdata/system_id=1304/year=2014/month=2/day=16/system_1304__date_2014_02_16.snappy.000.parquet,1771376597.9066782
..\..\data\raw\systems\parquet\1304\system_1304__date_2014_02_17.snappy.000.parquet,pvdaq/parquet/pvdata/system_id=1304/year=2014/month=2/day=17/system_1304__date_2014_02_17.snappy.000.parquet,1771376598.1909914
..\..\data\raw\systems\parquet\1304\system_1304__date_2014_02_18.snappy.000.parquet,pvdaq/parquet/pvdata/system_id=1304/year=2014/month=2/day=18/system_1304__date_2014_02_18.snappy.000.parquet,1771376598.4097302
..\..\data\raw\systems\parquet\1304\system_1304__date_2014_02_19.snappy.000.parquet,pvdaq/parquet/pvdata/system_id=1304/year=2014/month=2/day=19/system_1304__date_2014_02_19.snappy.000.parquet,1771376598.6472979
..\..\data\raw\systems\parquet\1304\system_1304__date_2014_02_02.snappy.000.parquet,pvdaq/parquet/pvdata/system_id=1304/year=2014/month=2/day=2/system_1304__date_2014_02_02.snappy.000.parquet,1771376598.8749743
..\..\data\raw\systems\parquet\1304\system_1304__date_2014_02_20.snappy.000.parquet,pvdaq/parquet/pvdata/system_id=1304/year=2014/month=2/day=20/system_1304__date_2014_02_20.snappy.000.parquet,1771376599.1011882
..\..\data\raw\systems\parquet\1304\system_1304__date_2014_02_21.snappy.000.parquet,pvdaq/parquet/pvdata/system_id=1304/year=2014/month=2/day=21/system_1304__date_2014_02_21.snappy.000.parquet,1771376599.316871
..\..\data\raw\systems\parquet\1304\system_1304__date_2014_02_22.snappy.000.parquet,pvdaq/parquet/pvdata/system_id=1304/year=2014/month=2/day=22/system_1304__date_2014_02_22.snappy.000.parquet,1771376600.0929096
..\..\data\raw\systems\parquet\1304\system_1304__date_2014_02_23.snappy.000.parquet,pvdaq/parquet/pvdata/system_id=1304/year=2014/month=2/day=23/system_1304__date_2014_02_23.snappy.000.parquet,1771376600.304743
..\..\data\raw\systems\parquet\1304\system_1304__date_2014_02_24.snappy.000.parquet,pvdaq/parquet/pvdata/system_id=1304/year=2014/month=2/day=24/system_1304__date_2014_02_24.snappy.000.parquet,1771376600.5300338
..\..\data\raw\systems\parquet\1304\system_1304__date_2014_02_25.snappy.000.parquet,pvdaq/parquet/pvdata/system_id=1304/year=2014/month=2/day=25/system_1304__date_2014_02_25.snappy.000.parquet,1771376600.815745
..\..\data\raw\systems\parquet\1304\system_1304__date_2014_02_26.snappy.000.parquet,pvdaq/parquet/pvdata/system_id=1304/year=2014/month=2/day=26/system_1304__date_2014_02_26.snappy.000.parquet,1771376601.0437403
..\..\data\raw\systems\parquet\1304\system_1304__date_2014_02_27.snappy.000.parquet,pvdaq/parquet/pvdata/system_id=1304/year=2014/month=2/day=27/system_1304__date_2014_02_27.snappy.000.parquet,1771376601.2666943
..\..\data\raw\systems\parquet\1304\system_1304__date_2014_02_28.snappy.000.parquet,pvdaq/parquet/pvdata/system_id=1304/year=2014/month=2/day=28/system_1304__date_2014_02_28.snappy.000.parquet,1771376601.506138
..\..\data\raw\systems\parquet\1304\system_1304__date_2014_02_03.snappy.000.parquet,pvdaq/parquet/pvdata/system_id=1304/year=2014/month=2/day=3/system_1304__date_2014_02_03.snappy.000.parquet,1771376601.7648835
..\..\data\raw\systems\parquet\1304\system_1304__date_2014_02_04.snappy.000.parquet,pvdaq/parquet/pvdata/system_id=1304/year=2014/month=2/day=4/system_1304__date_2014_02_04.snappy.000.parquet,1771376601.9643786
..\..\data\raw\systems\parquet\1304\system_1304__date_2014_02_05.snappy.000.parquet,pvdaq/parquet/pvdata/system_id=1304/year=2014/month=2/day=5/system_1304__date_2014_02_05.snappy.000.parquet,1771376602.175809
..\..\data\raw\systems\parquet\1304\system_1304__date_2014_02_06.snappy.000.parquet,pvdaq/parquet/pvdata/system_id=1304/year=2014/month=2/day=6/system_1304__date_2014_02_06.snappy.000.parquet,1771376602.418349
..\..\data\raw\systems\parquet\1304\system_1304__date_2014_02_07.snappy.000.parquet,pvdaq/parquet/pvdata/system_id=1304/year=2014/month=2/day=7/system_1304__date_2014_02_07.snappy.000.parquet,1771376602.6939185
..\..\data\raw\systems\parquet\1304\system_1304__date_2014_02_08.snappy.000.parquet,pvdaq/parquet/pvdata/system_id=1304/year=2014/month=2/day=8/system_1304__date_2014_02_08.snappy.000.parquet,1771376602.8846517
..\..\data\raw\systems\parquet\1304\system_1304__date_2014_02_09.snappy.000.parquet,pvdaq/parquet/pvdata/system_id=1304/year=2014/month=2/day=9/system_1304__date_2014_02_09.snappy.000.parquet,1771376603.1410606
..\..\data\raw\systems\parquet\1304\system_1304__date_2014_03_01.snappy.000.parquet,pvdaq/parquet/pvdata/system_id=1304/year=2014/month=3/day=1/system_1304__date_2014_03_01.snappy.000.parquet,1771376603.336079
..\..\data\raw\systems\parquet\1304\system_1304__date_2014_03_02.snappy.000.parquet,pvdaq/parquet/pvdata/system_id=1304/year=2014/month=3/day=2/system_1304__date_2014_03_02.snappy.000.parquet,1771376603.558825
..\..\data\raw\systems\parquet\1304\system_1304__date_2014_03_03.snappy.000.parquet,pvdaq/parquet/pvdata/system_id=1304/year=2014/month=3/day=3/system_1304__date_2014_03_03.snappy.000.parquet,1771376603.758142
..\..\data\raw\systems\parquet\1304\system_1304__date_2014_03_04.snappy.000.parquet,pvdaq/parquet/pvdata/system_id=1304/year=2014/month=3/day=4/system_1304__date_2014_03_04.snappy.000.parquet,1771376603.9706123
..\..\data\raw\systems\parquet\1304\system_1304__date_2014_03_05.snappy.000.parquet,pvdaq/parquet/pvdata/system_id=1304/year=2014/month=3/day=5/system_1304__date_2014_03_05.snappy.000.parquet,1771376604.1695614
..\..\data\raw\systems\parquet\1304\system_1304__date_2014_03_06.snappy.000.parquet,pvdaq/parquet/pvdata/system_id=1304/year=2014/month=3/day=6/system_1304__date_2014_03_06.snappy.000.parquet,1771376604.3869932
..\..\data\raw\systems\parquet\1304\system_1304__date_2014_03_07.snappy.000.parquet,pvdaq/parquet/pvdata/system_id=1304/year=2014/month=3/day=7/system_1304__date_2014_03_07.snappy.000.parquet,1771376604.606798
..\..\data\raw\systems\parquet\1304\system_1304__date_2014_04_10.snappy.000.parquet,pvdaq/parquet/pvdata/system_id=1304/year=2014/month=4/day=10/system_1304__date_2014_04_10.snappy.000.parquet,1771376604.806087
..\..\data\raw\systems\parquet\1304\system_1304__date_2014_04_11.snappy.000.parquet,pvdaq/parquet/pvdata/system_id=1304/year=2014/month=4/day=11/system_1304__date_2014_04_11.snappy.000.parquet,1771376605.040733
..\..\data\raw\systems\parquet\1304\system_1304__date_2014_04_12.snappy.000.parquet,pvdaq/parquet/pvdata/system_id=1304/year=2014/month=4/day=12/system_1304__date_2014_04_12.snappy.000.parquet,1771376605.2376254
..\..\data\raw\systems\parquet\1304\system_1304__date_2014_04_13.snappy.000.parquet,pvdaq/parquet/pvdata/system_id=1304/year=2014/month=4/day=13/system_1304__date_2014_04_13.snappy.000.parquet,1771376605.4488075
..\..\data\raw\systems\parquet\1304\system_1304__date_2014_04_14.snappy.000.parquet,pvdaq/parquet/pvdata/system_id=1304/year=2014/month=4/day=14/system_1304__date_2014_04_14.snappy.000.parquet,1771376605.6403098
..\..\data\raw\systems\parquet\1304\system_1304__date_2014_04_15.snappy.000.parquet,pvdaq/parquet/pvdata/system_id=1304/year=2014/month=4/day=15/system_1304__date_2014_04_15.snappy.000.parquet,1771376605.8738737
..\..\data\raw\systems\parquet\1304\system_1304__date_2014_04_16.snappy.000.parquet,pvdaq/parquet/pvdata/system_id=1304/year=2014/month=4/day=16/system_1304__date_2014_04_16.snappy.000.parquet,1771376606.077879
..\..\data\raw\systems\parquet\1304\system_1304__date_2014_04_17.snappy.000.parquet,pvdaq/parquet/pvdata/system_id=1304/year=2014/month=4/day=17/system_1304__date_2014_04_17.snappy.000.parquet,1771376606.278773
..\..\data\raw\systems\parquet\1304\system_1304__date_2014_04_18.snappy.000.parquet,pvdaq/parquet/pvdata/system_id=1304/year=2014/month=4/day=18/system_1304__date_2014_04_18.snappy.000.parquet,1771376606.509404
..\..\data\raw\systems\parquet\1304\system_1304__date_2014_04_19.snappy.000.parquet,pvdaq/parquet/pvdata/system_id=1304/year=2014/month=4/day=19/system_1304__date_2014_04_19.snappy.000.parquet,1771376606.7164361
..\..\data\raw\systems\parquet\1304\system_1304__date_2014_04_20.snappy.000.parquet,pvdaq/parquet/pvdata/system_id=1304/year=2014/month=4/day=20/system_1304__date_2014_04_20.snappy.000.parquet,1771376606.9246912
..\..\data\raw\systems\parquet\1304\system_1304__date_2014_04_21.snappy.000.parquet,pvdaq/parquet/pvdata/system_id=1304/year=2014/month=4/day=21/system_1304__date_2014_04_21.snappy.000.parquet,1771376607.116905
..\..\data\raw\systems\parquet\1304\system_1304__date_2014_04_22.snappy.000.parquet,pvdaq/parquet/pvdata/system_id=1304/year=2014/month=4/day=22/system_1304__date_2014_04_22.snappy.000.parquet,1771376607.3077207
..\..\data\raw\systems\parquet\1304\system_1304__date_2014_04_23.snappy.000.parquet,pvdaq/parquet/pvdata/system_id=1304/year=2014/month=4/day=23/system_1304__date_2014_04_23.snappy.000.parquet,1771376607.5155303
..\..\data\raw\systems\parquet\1304\system_1304__date_2014_04_24.snappy.000.parquet,pvdaq/parquet/pvdata/system_id=1304/year=2014/month=4/day=24/system_1304__date_2014_04_24.snappy.000.parquet,1771376607.7779474
..\..\data\raw\systems\parquet\1304\system_1304__date_2014_04_25.snappy.000.parquet,pvdaq/parquet/pvdata/system_id=1304/year=2014/month=4/day=25/system_1304__date_2014_04_25.snappy.000.parquet,1771376608.0057857
..\..\data\raw\systems\parquet\1304\system_1304__date_2014_04_26.snappy.000.parquet,pvdaq/parquet/pvdata/system_id=1304/year=2014/month=4/day=26/system_1304__date_2014_04_26.snappy.000.parquet,1771376608.2018785
..\..\data\raw\systems\parquet\1304\system_1304__date_2014_04_27.snappy.000.parquet,pvdaq/parquet/pvdata/system_id=1304/year=2014/month=4/day=27/system_1304__date_2014_04_27.snappy.000.parquet,1771376608.400148
..\..\data\raw\systems\parquet\1304\system_1304__date_2014_04_28.snappy.000.parquet,pvdaq/parquet/pvdata/system_id=1304/year=2014/month=4/day=28/system_1304__date_2014_04_28.snappy.000.parquet,1771376608.6010787
..\..\data\raw\systems\parquet\1304\system_1304__date_2014_04_29.snappy.000.parquet,pvdaq/parquet/pvdata/system_id=1304/year=2014/month=4/day=29/system_1304__date_2014_04_29.snappy.000.parquet,1771376608.7958708
..\..\data\raw\systems\parquet\1304\system_1304__date_2014_04_03.snappy.000.parquet,pvdaq/parquet/pvdata/system_id=1304/year=2014/month=4/day=3/system_1304__date_2014_04_03.snappy.000.parquet,1771376609.011939
..\..\data\raw\systems\parquet\1304\system_1304__date_2014_04_30.snappy.000.parquet,pvdaq/parquet/pvdata/system_id=1304/year=2014/month=4/day=30/system_1304__date_2014_04_30.snappy.000.parquet,1771376609.2844138
..\..\data\raw\systems\parquet\1304\system_1304__date_2014_04_04.snappy.000.parquet,pvdaq/parquet/pvdata/system_id=1304/year=2014/month=4/day=4/system_1304__date_2014_04_04.snappy.000.parquet,1771376609.5067344
..\..\data\raw\systems\parquet\1304\system_1304__date_2014_04_05.snappy.000.parquet,pvdaq/parquet/pvdata/system_id=1304/year=2014/month=4/day=5/system_1304__date_2014_04_05.snappy.000.parquet,1771376609.6978765
..\..\data\raw\systems\parquet\1304\system_1304__date_2014_04_06.snappy.000.parquet,pvdaq/parquet/pvdata/system_id=1304/year=2014/month=4/day=6/system_1304__date_2014_04_06.snappy.000.parquet,1771376609.976486
..\..\data\raw\systems\parquet\1304\system_1304__date_2014_04_07.snappy.000.parquet,pvdaq/parquet/pvdata/system_id=1304/year=2014/month=4/day=7/system_1304__date_2014_04_07.snappy.000.parquet,1771376610.1736274
..\..\data\raw\systems\parquet\1304\system_1304__date_2014_04_08.snappy.000.parquet,pvdaq/parquet/pvdata/system_id=1304/year=2014/month=4/day=8/system_1304__date_2014_04_08.snappy.000.parquet,1771376610.3826017
..\..\data\raw\systems\parquet\1304\system_1304__date_2014_04_09.snappy.000.parquet,pvdaq/parquet/pvdata/system_id=1304/year=2014/month=4/day=9/system_1304__date_2014_04_09.snappy.000.parquet,1771376610.5879629
..\..\data\raw\systems\parquet\1304\system_1304__date_2014_05_01.snappy.000.parquet,pvdaq/parquet/pvdata/system_id=1304/year=2014/month=5/day=1/system_1304__date_2014_05_01.snappy.000.parquet,1771376610.7856407
..\..\data\raw\systems\parquet\1304\system_1304__date_2014_05_10.snappy.000.parquet,pvdaq/parquet/pvdata/system_id=1304/year=2014/month=5/day=10/system_1304__date_2014_05_10.snappy.000.parquet,1771376611.6888998
..\..\data\raw\systems\parquet\1304\system_1304__date_2014_05_11.snappy.000.parquet,pvdaq/parquet/pvdata/system_id=1304/year=2014/month=5/day=11/system_1304__date_2014_05_11.snappy.000.parquet,1771376611.9449666
..\..\data\raw\systems\parquet\1304\system_1304__date_2014_05_12.snappy.000.parquet,pvdaq/parquet/pvdata/system_id=1304/year=2014/month=5/day=12/system_1304__date_2014_05_12.snappy.000.parquet,1771376612.1382253
..\..\data\raw\systems\parquet\1304\system_1304__date_2014_05_13.snappy.000.parquet,pvdaq/parquet/pvdata/system_id=1304/year=2014/month=5/day=13/system_1304__date_2014_05_13.snappy.000.parquet,1771376612.352513
..\..\data\raw\systems\parquet\1304\system_1304__date_2014_05_14.snappy.000.parquet,pvdaq/parquet/pvdata/system_id=1304/year=2014/month=5/day=14/system_1304__date_2014_05_14.snappy.000.parquet,1771376612.5957375
..\..\data\raw\systems\parquet\1304\system_1304__date_2014_05_15.snappy.000.parquet,pvdaq/parquet/pvdata/system_id=1304/year=2014/month=5/day=15/system_1304__date_2014_05_15.snappy.000.parquet,1771376612.8369
..\..\data\raw\systems\parquet\1304\system_1304__date_2014_05_16.snappy.000.parquet,pvdaq/parquet/pvdata/system_id=1304/year=2014/month=5/day=16/system_1304__date_2014_05_16.snappy.000.parquet,1771376613.0280814
..\..\data\raw\systems\parquet\1304\system_1304__date_2014_05_17.snappy.000.parquet,pvdaq/parquet/pvdata/system_id=1304/year=2014/month=5/day=17/system_1304__date_2014_05_17.snappy.000.parquet,1771376613.2438452
..\..\data\raw\systems\parquet\1304\system_1304__date_2014_05_18.snappy.000.parquet,pvdaq/parquet/pvdata/system_id=1304/year=2014/month=5/day=18/system_1304__date_2014_05_18.snappy.000.parquet,1771376613.4480872
..\..\data\raw\systems\parquet\1304\system_1304__date_2014_05_02.snappy.000.parquet,pvdaq/parquet/pvdata/system_id=1304/year=2014/month=5/day=2/system_1304__date_2014_05_02.snappy.000.parquet,1771376613.6685436
..\..\data\raw\systems\parquet\1304\system_1304__date_2014_05_29.snappy.000.parquet,pvdaq/parquet/pvdata/system_id=1304/year=2014/month=5/day=29/system_1304__date_2014_05_29.snappy.000.parquet,1771376613.864749
..\..\data\raw\systems\parquet\1304\system_1304__date_2014_05_03.snappy.000.parquet,pvdaq/parquet/pvdata/system_id=1304/year=2014/month=5/day=3/system_1304__date_2014_05_03.snappy.000.parquet,1771376614.1211035
..\..\data\raw\systems\parquet\1304\system_1304__date_2014_05_30.snappy.000.parquet,pvdaq/parquet/pvdata/system_id=1304/year=2014/month=5/day=30/system_1304__date_2014_05_30.snappy.000.parquet,1771376614.324231
..\..\data\raw\systems\parquet\1304\system_1304__date_2014_05_31.snappy.000.parquet,pvdaq/parquet/pvdata/system_id=1304/year=2014/month=5/day=31/system_1304__date_2014_05_31.snappy.000.parquet,1771376614.5357015
..\..\data\raw\systems\parquet\1304\system_1304__date_2014_05_04.snappy.000.parquet,pvdaq/parquet/pvdata/system_id=1304/year=2014/month=5/day=4/system_1304__date_2014_05_04.snappy.000.parquet,1771376614.7538857
..\..\data\raw\systems\parquet\1304\system_1304__date_2014_05_05.snappy.000.parquet,pvdaq/parquet/pvdata/system_id=1304/year=2014/month=5/day=5/system_1304__date_2014_05_05.snappy.000.parquet,1771376614.9736657
..\..\data\raw\systems\parquet\1304\system_1304__date_2014_05_06.snappy.000.parquet,pvdaq/parquet/pvdata/system_id=1304/year=2014/month=5/day=6/system_1304__date_2014_05_06.snappy.000.parquet,1771376615.197912
..\..\data\raw\systems\parquet\1304\system_1304__date_2014_05_07.snappy.000.parquet,pvdaq/parquet/pvdata/system_id=1304/year=2014/month=5/day=7/system_1304__date_2014_05_07.snappy.000.parquet,1771376615.396121
..\..\data\raw\systems\parquet\1304\system_1304__date_2014_05_08.snappy.000.parquet,pvdaq/parquet/pvdata/system_id=1304/year=2014/month=5/day=8/system_1304__date_2014_05_08.snappy.000.parquet,1771376615.5977373
..\..\data\raw\systems\parquet\1304\system_1304__date_2014_05_09.snappy.000.parquet,pvdaq/parquet/pvdata/system_id=1304/year=2014/month=5/day=9/system_1304__date_2014_05_09.snappy.000.parquet,1771376615.8225932
..\..\data\raw\systems\parquet\1304\system_1304__date_2014_06_01.snappy.000.parquet,pvdaq/parquet/pvdata/system_id=1304/year=2014/month=6/day=1/system_1304__date_2014_06_01.snappy.000.parquet,1771376616.0315564
..\..\data\raw\systems\parquet\1304\system_1304__date_2014_06_10.snappy.000.parquet,pvdaq/parquet/pvdata/system_id=1304/year=2014/month=6/day=10/system_1304__date_2014_06_10.snappy.000.parquet,1771376616.2455513
..\..\data\raw\systems\parquet\1304\system_1304__date_2014_06_11.snappy.000.parquet,pvdaq/parquet/pvdata/system_id=1304/year=2014/month=6/day=11/system_1304__date_2014_06_11.snappy.000.parquet,1771376616.442265
..\..\data\raw\systems\parquet\1304\system_1304__date_2014_06_12.snappy.000.parquet,pvdaq/parquet/pvdata/system_id=1304/year=2014/month=6/day=12/system_1304__date_2014_06_12.snappy.000.parquet,1771376616.6590722
..\..\data\raw\systems\parquet\1304\system_1304__date_2014_06_13.snappy.000.parquet,pvdaq/parquet/pvdata/system_id=1304/year=2014/month=6/day=13/system_1304__date_2014_06_13.snappy.000.parquet,1771376616.9449062
..\..\data\raw\systems\parquet\1304\system_1304__date_2014_06_14.snappy.000.parquet,pvdaq/parquet/pvdata/system_id=1304/year=2014/month=6/day=14/system_1304__date_2014_06_14.snappy.000.parquet,1771376617.1505933
..\..\data\raw\systems\parquet\1304\system_1304__date_2014_06_15.snappy.000.parquet,pvdaq/parquet/pvdata/system_id=1304/year=2014/month=6/day=15/system_1304__date_2014_06_15.snappy.000.parquet,1771376617.3760164
..\..\data\raw\systems\parquet\1304\system_1304__date_2014_06_16.snappy.000.parquet,pvdaq/parquet/pvdata/system_id=1304/year=2014/month=6/day=16/system_1304__date_2014_06_16.snappy.000.parquet,1771376617.6523242
..\..\data\raw\systems\parquet\1304\system_1304__date_2014_06_17.snappy.000.parquet,pvdaq/parquet/pvdata/system_id=1304/year=2014/month=6/day=17/system_1304__date_2014_06_17.snappy.000.parquet,1771376617.8629773
..\..\data\raw\systems\parquet\1304\system_1304__date_2014_06_18.snappy.000.parquet,pvdaq/parquet/pvdata/system_id=1304/year=2014/month=6/day=18/system_1304__date_2014_06_18.snappy.000.parquet,1771376618.1315625
..\..\data\raw\systems\parquet\1304\system_1304__date_2014_06_19.snappy.000.parquet,pvdaq/parquet/pvdata/system_id=1304/year=2014/month=6/day=19/system_1304__date_2014_06_19.snappy.000.parquet,1771376618.322926
..\..\data\raw\systems\parquet\1304\system_1304__date_2014_06_02.snappy.000.parquet,pvdaq/parquet/pvdata/system_id=1304/year=2014/month=6/day=2/system_1304__date_2014_06_02.snappy.000.parquet,1771376618.5287168
..\..\data\raw\systems\parquet\1304\system_1304__date_2014_06_20.snappy.000.parquet,pvdaq/parquet/pvdata/system_id=1304/year=2014/month=6/day=20/system_1304__date_2014_06_20.snappy.000.parquet,1771376618.730737
..\..\data\raw\systems\parquet\1304\system_1304__date_2014_06_21.snappy.000.parquet,pvdaq/parquet/pvdata/system_id=1304/year=2014/month=6/day=21/system_1304__date_2014_06_21.snappy.000.parquet,1771376618.9197826
..\..\data\raw\systems\parquet\1304\system_1304__date_2014_06_22.snappy.000.parquet,pvdaq/parquet/pvdata/system_id=1304/year=2014/month=6/day=22/system_1304__date_2014_06_22.snappy.000.parquet,1771376619.131551
..\..\data\raw\systems\parquet\1304\system_1304__date_2014_06_23.snappy.000.parquet,pvdaq/parquet/pvdata/system_id=1304/year=2014/month=6/day=23/system_1304__date_2014_06_23.snappy.000.parquet,1771376619.330855
..\..\data\raw\systems\parquet\1304\system_1304__date_2014_06_24.snappy.000.parquet,pvdaq/parquet/pvdata/system_id=1304/year=2014/month=6/day=24/system_1304__date_2014_06_24.snappy.000.parquet,1771376619.5709426
..\..\data\raw\systems\parquet\1304\system_1304__date_2014_06_25.snappy.000.parquet,pvdaq/parquet/pvdata/system_id=1304/year=2014/month=6/day=25/system_1304__date_2014_06_25.snappy.000.parquet,1771376619.9479964
..\..\data\raw\systems\parquet\1304\system_1304__date_2014_06_26.snappy.000.parquet,pvdaq/parquet/pvdata/system_id=1304/year=2014/month=6/day=26/system_1304__date_2014_06_26.snappy.000.parquet,1771376620.1441572
..\..\data\raw\systems\parquet\1304\system_1304__date_2014_06_27.snappy.000.parquet,pvdaq/parquet/pvdata/system_id=1304/year=2014/month=6/day=27/system_1304__date_2014_06_27.snappy.000.parquet,1771376620.36087
..\..\data\raw\systems\parquet\1304\system_1304__date_2014_06_28.snappy.000.parquet,pvdaq/parquet/pvdata/system_id=1304/year=2014/month=6/day=28/system_1304__date_2014_06_28.snappy.000.parquet,1771376620.578821
..\..\data\raw\systems\parquet\1304\system_1304__date_2014_06_03.snappy.000.parquet,pvdaq/parquet/pvdata/system_id=1304/year=2014/month=6/day=3/system_1304__date_2014_06_03.snappy.000.parquet,1771376620.7774777
..\..\data\raw\systems\parquet\1304\system_1304__date_2014_06_04.snappy.000.parquet,pvdaq/parquet/pvdata/system_id=1304/year=2014/month=6/day=4/system_1304__date_2014_06_04.snappy.000.parquet,1771376620.984968
..\..\data\raw\systems\parquet\1304\system_1304__date_2014_06_05.snappy.000.parquet,pvdaq/parquet/pvdata/system_id=1304/year=2014/month=6/day=5/system_1304__date_2014_06_05.snappy.000.parquet,1771376621.1867232
..\..\data\raw\systems\parquet\1304\system_1304__date_2014_06_06.snappy.000.parquet,pvdaq/parquet/pvdata/system_id=1304/year=2014/month=6/day=6/system_1304__date_2014_06_06.snappy.000.parquet,1771376621.3836288
..\..\data\raw\systems\parquet\1304\system_1304__date_2014_06_07.snappy.000.parquet,pvdaq/parquet/pvdata/system_id=1304/year=2014/month=6/day=7/system_1304__date_2014_06_07.snappy.000.parquet,1771376621.5947502
..\..\data\raw\systems\parquet\1304\system_1304__date_2014_06_08.snappy.000.parquet,pvdaq/parquet/pvdata/system_id=1304/year=2014/month=6/day=8/system_1304__date_2014_06_08.snappy.000.parquet,1771376621.806793
..\..\data\raw\systems\parquet\1304\system_1304__date_2014_06_09.snappy.000.parquet,pvdaq/parquet/pvdata/system_id=1304/year=2014/month=6/day=9/system_1304__date_2014_06_09.snappy.000.parquet,1771376622.0263102
..\..\data\raw\systems\parquet\1304\system_1304__date_2015_01_01.snappy.000.parquet,pvdaq/parquet/pvdata/system_id=1304/year=2015/month=1/day=1/system_1304__date_2015_01_01.snappy.000.parquet,1771376622.2278838
..\..\data\raw\systems\parquet\1304\system_1304__date_2015_01_10.snappy.000.parquet,pvdaq/parquet/pvdata/system_id=1304/year=2015/month=1/day=10/system_1304__date_2015_01_10.snappy.000.parquet,1771376622.4187272
..\..\data\raw\systems\parquet\1304\system_1304__date_2015_01_11.snappy.000.parquet,pvdaq/parquet/pvdata/system_id=1304/year=2015/month=1/day=11/system_1304__date_2015_01_11.snappy.000.parquet,1771376623.2359414
..\..\data\raw\systems\parquet\1304\system_1304__date_2015_01_12.snappy.000.parquet,pvdaq/parquet/pvdata/system_id=1304/year=2015/month=1/day=12/system_1304__date_2015_01_12.snappy.000.parquet,1771376623.4458082
..\..\data\raw\systems\parquet\1304\system_1304__date_2015_01_13.snappy.000.parquet,pvdaq/parquet/pvdata/system_id=1304/year=2015/month=1/day=13/system_1304__date_2015_01_13.snappy.000.parquet,1771376623.6579661
..\..\data\raw\systems\parquet\1304\system_1304__date_2015_01_14.snappy.000.parquet,pvdaq/parquet/pvdata/system_id=1304/year=2015/month=1/day=14/system_1304__date_2015_01_14.snappy.000.parquet,1771376623.8520823
..\..\data\raw\systems\parquet\1304\system_1304__date_2015_01_15.snappy.000.parquet,pvdaq/parquet/pvdata/system_id=1304/year=2015/month=1/day=15/system_1304__date_2015_01_15.snappy.000.parquet,1771376624.0481186
..\..\data\raw\systems\parquet\1304\system_1304__date_2015_01_16.snappy.000.parquet,pvdaq/parquet/pvdata/system_id=1304/year=2015/month=1/day=16/system_1304__date_2015_01_16.snappy.000.parquet,1771376624.2729816
..\..\data\raw\systems\parquet\1304\system_1304__date_2015_01_17.snappy.000.parquet,pvdaq/parquet/pvdata/system_id=1304/year=2015/month=1/day=17/system_1304__date_2015_01_17.snappy.000.parquet,1771376624.4718661
..\..\data\raw\systems\parquet\1304\system_1304__date_2015_01_18.snappy.000.parquet,pvdaq/parquet/pvdata/system_id=1304/year=2015/month=1/day=18/system_1304__date_2015_01_18.snappy.000.parquet,1771376624.6657183
..\..\data\raw\systems\parquet\1304\system_1304__date_2015_01_19.snappy.000.parquet,pvdaq/parquet/pvdata/system_id=1304/year=2015/month=1/day=19/system_1304__date_2015_01_19.snappy.000.parquet,1771376624.892303
..\..\data\raw\systems\parquet\1304\system_1304__date_2015_01_02.snappy.000.parquet,pvdaq/parquet/pvdata/system_id=1304/year=2015/month=1/day=2/system_1304__date_2015_01_02.snappy.000.parquet,1771376625.0841417
..\..\data\raw\systems\parquet\1304\system_1304__date_2015_01_20.snappy.000.parquet,pvdaq/parquet/pvdata/system_id=1304/year=2015/month=1/day=20/system_1304__date_2015_01_20.snappy.000.parquet,1771376625.2774193
..\..\data\raw\systems\parquet\1304\system_1304__date_2015_01_21.snappy.000.parquet,pvdaq/parquet/pvdata/system_id=1304/year=2015/month=1/day=21/system_1304__date_2015_01_21.snappy.000.parquet,1771376625.468756
..\..\data\raw\systems\parquet\1304\system_1304__date_2015_01_22.snappy.000.parquet,pvdaq/parquet/pvdata/system_id=1304/year=2015/month=1/day=22/system_1304__date_2015_01_22.snappy.000.parquet,1771376625.660733
..\..\data\raw\systems\parquet\1304\system_1304__date_2015_01_23.snappy.000.parquet,pvdaq/parquet/pvdata/system_id=1304/year=2015/month=1/day=23/system_1304__date_2015_01_23.snappy.000.parquet,1771376625.8762724
..\..\data\raw\systems\parquet\1304\system_1304__date_2015_01_24.snappy.000.parquet,pvdaq/parquet/pvdata/system_id=1304/year=2015/month=1/day=24/system_1304__date_2015_01_24.snappy.000.parquet,1771376626.061877
..\..\data\raw\systems\parquet\1304\system_1304__date_2015_01_25.snappy.000.parquet,pvdaq/parquet/pvdata/system_id=1304/year=2015/month=1/day=25/system_1304__date_2015_01_25.snappy.000.parquet,1771376626.2905545
..\..\data\raw\systems\parquet\1304\system_1304__date_2015_01_26.snappy.000.parquet,pvdaq/parquet/pvdata/system_id=1304/year=2015/month=1/day=26/system_1304__date_2015_01_26.snappy.000.parquet,1771376626.4874377
..\..\data\raw\systems\parquet\1304\system_1304__date_2015_01_27.snappy.000.parquet,pvdaq/parquet/pvdata/system_id=1304/year=2015/month=1/day=27/system_1304__date_2015_01_27.snappy.000.parquet,1771376626.6813579
..\..\data\raw\systems\parquet\1304\system_1304__date_2015_01_28.snappy.000.parquet,pvdaq/parquet/pvdata/system_id=1304/year=2015/month=1/day=28/system_1304__date_2015_01_28.snappy.000.parquet,1771376626.9149148
..\..\data\raw\systems\parquet\1304\system_1304__date_2015_01_29.snappy.000.parquet,pvdaq/parquet/pvdata/system_id=1304/year=2015/month=1/day=29/system_1304__date_2015_01_29.snappy.000.parquet,1771376627.1238718
..\..\data\raw\systems\parquet\1304\system_1304__date_2015_01_03.snappy.000.parquet,pvdaq/parquet/pvdata/system_id=1304/year=2015/month=1/day=3/system_1304__date_2015_01_03.snappy.000.parquet,1771376627.4283478
..\..\data\raw\systems\parquet\1304\system_1304__date_2015_01_30.snappy.000.parquet,pvdaq/parquet/pvdata/system_id=1304/year=2015/month=1/day=30/system_1304__date_2015_01_30.snappy.000.parquet,1771376627.6133878
..\..\data\raw\systems\parquet\1304\system_1304__date_2015_01_31.snappy.000.parquet,pvdaq/parquet/pvdata/system_id=1304/year=2015/month=1/day=31/system_1304__date_2015_01_31.snappy.000.parquet,1771376627.8514342
..\..\data\raw\systems\parquet\1304\system_1304__date_2015_01_04.snappy.000.parquet,pvdaq/parquet/pvdata/system_id=1304/year=2015/month=1/day=4/system_1304__date_2015_01_04.snappy.000.parquet,1771376628.0918727
..\..\data\raw\systems\parquet\1304\system_1304__date_2015_01_05.snappy.000.parquet,pvdaq/parquet/pvdata/system_id=1304/year=2015/month=1/day=5/system_1304__date_2015_01_05.snappy.000.parquet,1771376628.3297157
..\..\data\raw\systems\parquet\1304\system_1304__date_2015_01_06.snappy.000.parquet,pvdaq/parquet/pvdata/system_id=1304/year=2015/month=1/day=6/system_1304__date_2015_01_06.snappy.000.parquet,1771376628.5822191
..\..\data\raw\systems\parquet\1304\system_1304__date_2015_01_07.snappy.000.parquet,pvdaq/parquet/pvdata/system_id=1304/year=2015/month=1/day=7/system_1304__date_2015_01_07.snappy.000.parquet,1771376628.7877975
..\..\data\raw\systems\parquet\1304\system_1304__date_2015_01_08.snappy.000.parquet,pvdaq/parquet/pvdata/system_id=1304/year=2015/month=1/day=8/system_1304__date_2015_01_08.snappy.000.parquet,1771376628.9768476
..\..\data\raw\systems\parquet\1304\system_1304__date_2015_01_09.snappy.000.parquet,pvdaq/parquet/pvdata/system_id=1304/year=2015/month=1/day=9/system_1304__date_2015_01_09.snappy.000.parquet,1771376629.1810656
..\..\data\raw\systems\parquet\1304\system_1304__date_2015_10_01.snappy.000.parquet,pvdaq/parquet/pvdata/system_id=1304/year=2015/month=10/day=1/system_1304__date_2015_10_01.snappy.000.parquet,1771376629.5771823
..\..\data\raw\systems\parquet\1304\system_1304__date_2015_10_10.snappy.000.parquet,pvdaq/parquet/pvdata/system_id=1304/year=2015/month=10/day=10/system_1304__date_2015_10_10.snappy.000.parquet,1771376629.783996
..\..\data\raw\systems\parquet\1304\system_1304__date_2015_10_11.snappy.000.parquet,pvdaq/parquet/pvdata/system_id=1304/year=2015/month=10/day=11/system_1304__date_2015_10_11.snappy.000.parquet,1771376629.9902263
..\..\data\raw\systems\parquet\1304\system_1304__date_2015_10_12.snappy.000.parquet,pvdaq/parquet/pvdata/system_id=1304/year=2015/month=10/day=12/system_1304__date_2015_10_12.snappy.000.parquet,1771376630.178876
..\..\data\raw\systems\parquet\1304\system_1304__date_2015_10_13.snappy.000.parquet,pvdaq/parquet/pvdata/system_id=1304/year=2015/month=10/day=13/system_1304__date_2015_10_13.snappy.000.parquet,1771376630.40229
..\..\data\raw\systems\parquet\1304\system_1304__date_2015_10_14.snappy.000.parquet,pvdaq/parquet/pvdata/system_id=1304/year=2015/month=10/day=14/system_1304__date_2015_10_14.snappy.000.parquet,1771376630.6079886
..\..\data\raw\systems\parquet\1304\system_1304__date_2015_10_15.snappy.000.parquet,pvdaq/parquet/pvdata/system_id=1304/year=2015/month=10/day=15/system_1304__date_2015_10_15.snappy.000.parquet,1771376630.8039417
..\..\data\raw\systems\parquet\1304\system_1304__date_2015_10_16.snappy.000.parquet,pvdaq/parquet/pvdata/system_id=1304/year=2015/month=10/day=16/system_1304__date_2015_10_16.snappy.000.parquet,1771376630.99493
..\..\data\raw\systems\parquet\1304\system_1304__date_2015_10_17.snappy.000.parquet,pvdaq/parquet/pvdata/system_id=1304/year=2015/month=10/day=17/system_1304__date_2015_10_17.snappy.000.parquet,1771376631.2638469
..\..\data\raw\systems\parquet\1304\system_1304__date_2015_10_18.snappy.000.parquet,pvdaq/parquet/pvdata/system_id=1304/year=2015/month=10/day=18/system_1304__date_2015_10_18.snappy.000.parquet,1771376631.53773
..\..\data\raw\systems\parquet\1304\system_1304__date_2015_10_19.snappy.000.parquet,pvdaq/parquet/pvdata/system_id=1304/year=2015/month=10/day=19/system_1304__date_2015_10_19.snappy.000.parquet,1771376631.7439332
..\..\data\raw\systems\parquet\1304\system_1304__date_2015_10_02.snappy.000.parquet,pvdaq/parquet/pvdata/system_id=1304/year=2015/month=10/day=2/system_1304__date_2015_10_02.snappy.000.parquet,1771376631.9525387
..\..\data\raw\systems\parquet\1304\system_1304__date_2015_10_20.snappy.000.parquet,pvdaq/parquet/pvdata/system_id=1304/year=2015/month=10/day=20/system_1304__date_2015_10_20.snappy.000.parquet,1771376632.172554
..\..\data\raw\systems\parquet\1304\system_1304__date_2015_10_21.snappy.000.parquet,pvdaq/parquet/pvdata/system_id=1304/year=2015/month=10/day=21/system_1304__date_2015_10_21.snappy.000.parquet,1771376632.3620434
..\..\data\raw\systems\parquet\1304\system_1304__date_2015_10_22.snappy.000.parquet,pvdaq/parquet/pvdata/system_id=1304/year=2015/month=10/day=22/system_1304__date_2015_10_22.snappy.000.parquet,1771376632.5688808
..\..\data\raw\systems\parquet\1304\system_1304__date_2015_10_23.snappy.000.parquet,pvdaq/parquet/pvdata/system_id=1304/year=2015/month=10/day=23/system_1304__date_2015_10_23.snappy.000.parquet,1771376632.7710223
..\..\data\raw\systems\parquet\1304\system_1304__date_2015_10_24.snappy.000.parquet,pvdaq/parquet/pvdata/system_id=1304/year=2015/month=10/day=24/system_1304__date_2015_10_24.snappy.000.parquet,1771376632.9586926
..\..\data\raw\systems\parquet\1304\system_1304__date_2015_10_25.snappy.000.parquet,pvdaq/parquet/pvdata/system_id=1304/year=2015/month=10/day=25/system_1304__date_2015_10_25.snappy.000.parquet,1771376633.2147188
..\..\data\raw\systems\parquet\1304\system_1304__date_2015_10_26.snappy.000.parquet,pvdaq/parquet/pvdata/system_id=1304/year=2015/month=10/day=26/system_1304__date_2015_10_26.snappy.000.parquet,1771376633.4058204
..\..\data\raw\systems\parquet\1304\system_1304__date_2015_10_03.snappy.000.parquet,pvdaq/parquet/pvdata/system_id=1304/year=2015/month=10/day=3/system_1304__date_2015_10_03.snappy.000.parquet,1771376633.5928435
..\..\data\raw\systems\parquet\1304\system_1304__date_2015_10_04.snappy.000.parquet,pvdaq/parquet/pvdata/system_id=1304/year=2015/month=10/day=4/system_1304__date_2015_10_04.snappy.000.parquet,1771376633.7988882
..\..\data\raw\systems\parquet\1304\system_1304__date_2015_10_05.snappy.000.parquet,pvdaq/parquet/pvdata/system_id=1304/year=2015/month=10/day=5/system_1304__date_2015_10_05.snappy.000.parquet,1771376634.451066
..\..\data\raw\systems\parquet\1304\system_1304__date_2015_10_06.snappy.000.parquet,pvdaq/parquet/pvdata/system_id=1304/year=2015/month=10/day=6/system_1304__date_2015_10_06.snappy.000.parquet,1771376634.6598582
..\..\data\raw\systems\parquet\1304\system_1304__date_2015_10_07.snappy.000.parquet,pvdaq/parquet/pvdata/system_id=1304/year=2015/month=10/day=7/system_1304__date_2015_10_07.snappy.000.parquet,1771376634.8748164
..\..\data\raw\systems\parquet\1304\system_1304__date_2015_10_08.snappy.000.parquet,pvdaq/parquet/pvdata/system_id=1304/year=2015/month=10/day=8/system_1304__date_2015_10_08.snappy.000.parquet,1771376635.0743382
..\..\data\raw\systems\parquet\1304\system_1304__date_2015_10_09.snappy.000.parquet,pvdaq/parquet/pvdata/system_id=1304/year=2015/month=10/day=9/system_1304__date_2015_10_09.snappy.000.parquet,1771376635.2774029
..\..\data\raw\systems\parquet\1304\system_1304__date_2015_02_01.snappy.000.parquet,pvdaq/parquet/pvdata/system_id=1304/year=2015/month=2/day=1/system_1304__date_2015_02_01.snappy.000.parquet,1771376635.4878056
..\..\data\raw\systems\parquet\1304\system_1304__date_2015_02_10.snappy.000.parquet,pvdaq/parquet/pvdata/system_id=1304/year=2015/month=2/day=10/system_1304__date_2015_02_10.snappy.000.parquet,1771376635.7187676
..\..\data\raw\systems\parquet\1304\system_1304__date_2015_02_11.snappy.000.parquet,pvdaq/parquet/pvdata/system_id=1304/year=2015/month=2/day=11/system_1304__date_2015_02_11.snappy.000.parquet,1771376635.9467285
..\..\data\raw\systems\parquet\1304\system_1304__date_2015_02_12.snappy.000.parquet,pvdaq/parquet/pvdata/system_id=1304/year=2015/month=2/day=12/system_1304__date_2015_02_12.snappy.000.parquet,1771376636.1780126
..\..\data\raw\systems\parquet\1304\system_1304__date_2015_02_13.snappy.000.parquet,pvdaq/parquet/pvdata/system_id=1304/year=2015/month=2/day=13/system_1304__date_2015_02_13.snappy.000.parquet,1771376636.397663
..\..\data\raw\systems\parquet\1304\system_1304__date_2015_02_14.snappy.000.parquet,pvdaq/parquet/pvdata/system_id=1304/year=2015/month=2/day=14/system_1304__date_2015_02_14.snappy.000.parquet,1771376636.6037116
..\..\data\raw\systems\parquet\1304\system_1304__date_2015_02_15.snappy.000.parquet,pvdaq/parquet/pvdata/system_id=1304/year=2015/month=2/day=15/system_1304__date_2015_02_15.snappy.000.parquet,1771376636.8190742
..\..\data\raw\systems\parquet\1304\system_1304__date_2015_02_16.snappy.000.parquet,pvdaq/parquet/pvdata/system_id=1304/year=2015/month=2/day=16/system_1304__date_2015_02_16.snappy.000.parquet,1771376637.0449843
..\..\data\raw\systems\parquet\1304\system_1304__date_2015_02_17.snappy.000.parquet,pvdaq/parquet/pvdata/system_id=1304/year=2015/month=2/day=17/system_1304__date_2015_02_17.snappy.000.parquet,1771376637.2756019
..\..\data\raw\systems\parquet\1304\system_1304__date_2015_02_18.snappy.000.parquet,pvdaq/parquet/pvdata/system_id=1304/year=2015/month=2/day=18/system_1304__date_2015_02_18.snappy.000.parquet,1771376637.490851
..\..\data\raw\systems\parquet\1304\system_1304__date_2015_02_19.snappy.000.parquet,pvdaq/parquet/pvdata/system_id=1304/year=2015/month=2/day=19/system_1304__date_2015_02_19.snappy.000.parquet,1771376637.7200902
..\..\data\raw\systems\parquet\1304\system_1304__date_2015_02_02.snappy.000.parquet,pvdaq/parquet/pvdata/system_id=1304/year=2015/month=2/day=2/system_1304__date_2015_02_02.snappy.000.parquet,1771376637.9342759
..\..\data\raw\systems\parquet\1304\system_1304__date_2015_02_20.snappy.000.parquet,pvdaq/parquet/pvdata/system_id=1304/year=2015/month=2/day=20/system_1304__date_2015_02_20.snappy.000.parquet,1771376638.1397486
..\..\data\raw\systems\parquet\1304\system_1304__date_2015_02_21.snappy.000.parquet,pvdaq/parquet/pvdata/system_id=1304/year=2015/month=2/day=21/system_1304__date_2015_02_21.snappy.000.parquet,1771376638.3837445
..\..\data\raw\systems\parquet\1304\system_1304__date_2015_02_22.snappy.000.parquet,pvdaq/parquet/pvdata/system_id=1304/year=2015/month=2/day=22/system_1304__date_2015_02_22.snappy.000.parquet,1771376638.5918827
..\..\data\raw\systems\parquet\1304\system_1304__date_2015_02_23.snappy.000.parquet,pvdaq/parquet/pvdata/system_id=1304/year=2015/month=2/day=23/system_1304__date_2015_02_23.snappy.000.parquet,1771376638.877014
..\..\data\raw\systems\parquet\1304\system_1304__date_2015_02_24.snappy.000.parquet,pvdaq/parquet/pvdata/system_id=1304/year=2015/month=2/day=24/system_1304__date_2015_02_24.snappy.000.parquet,1771376639.1009765
..\..\data\raw\systems\parquet\1304\system_1304__date_2015_02_25.snappy.000.parquet,pvdaq/parquet/pvdata/system_id=1304/year=2015/month=2/day=25/system_1304__date_2015_02_25.snappy.000.parquet,1771376639.4319015
..\..\data\raw\systems\parquet\1304\system_1304__date_2015_02_26.snappy.000.parquet,pvdaq/parquet/pvdata/system_id=1304/year=2015/month=2/day=26/system_1304__date_2015_02_26.snappy.000.parquet,1771376639.6585193
..\..\data\raw\systems\parquet\1304\system_1304__date_2015_02_27.snappy.000.parquet,pvdaq/parquet/pvdata/system_id=1304/year=2015/month=2/day=27/system_1304__date_2015_02_27.snappy.000.parquet,1771376639.855956
..\..\data\raw\systems\parquet\1304\system_1304__date_2015_02_28.snappy.000.parquet,pvdaq/parquet/pvdata/system_id=1304/year=2015/month=2/day=28/system_1304__date_2015_02_28.snappy.000.parquet,1771376640.055884
..\..\data\raw\systems\parquet\1304\system_1304__date_2015_02_03.snappy.000.parquet,pvdaq/parquet/pvdata/system_id=1304/year=2015/month=2/day=3/system_1304__date_2015_02_03.snappy.000.parquet,1771376640.260903
..\..\data\raw\systems\parquet\1304\system_1304__date_2015_02_04.snappy.000.parquet,pvdaq/parquet/pvdata/system_id=1304/year=2015/month=2/day=4/system_1304__date_2015_02_04.snappy.000.parquet,1771376640.4666693
..\..\data\raw\systems\parquet\1304\system_1304__date_2015_02_05.snappy.000.parquet,pvdaq/parquet/pvdata/system_id=1304/year=2015/month=2/day=5/system_1304__date_2015_02_05.snappy.000.parquet,1771376640.6681757
..\..\data\raw\systems\parquet\1304\system_1304__date_2015_02_06.snappy.000.parquet,pvdaq/parquet/pvdata/system_id=1304/year=2015/month=2/day=6/system_1304__date_2015_02_06.snappy.000.parquet,1771376640.9082437
..\..\data\raw\systems\parquet\1304\system_1304__date_2015_02_07.snappy.000.parquet,pvdaq/parquet/pvdata/system_id=1304/year=2015/month=2/day=7/system_1304__date_2015_02_07.snappy.000.parquet,1771376641.1658378
..\..\data\raw\systems\parquet\1304\system_1304__date_2015_02_08.snappy.000.parquet,pvdaq/parquet/pvdata/system_id=1304/year=2015/month=2/day=8/system_1304__date_2015_02_08.snappy.000.parquet,1771376641.3834565
..\..\data\raw\systems\parquet\1304\system_1304__date_2015_02_09.snappy.000.parquet,pvdaq/parquet/pvdata/system_id=1304/year=2015/month=2/day=9/system_1304__date_2015_02_09.snappy.000.parquet,1771376641.5858638
..\..\data\raw\systems\parquet\1304\system_1304__date_2015_03_01.snappy.000.parquet,pvdaq/parquet/pvdata/system_id=1304/year=2015/month=3/day=1/system_1304__date_2015_03_01.snappy.000.parquet,1771376641.8384724
..\..\data\raw\systems\parquet\1304\system_1304__date_2015_03_10.snappy.000.parquet,pvdaq/parquet/pvdata/system_id=1304/year=2015/month=3/day=10/system_1304__date_2015_03_10.snappy.000.parquet,1771376642.0555294
..\..\data\raw\systems\parquet\1304\system_1304__date_2015_03_11.snappy.000.parquet,pvdaq/parquet/pvdata/system_id=1304/year=2015/month=3/day=11/system_1304__date_2015_03_11.snappy.000.parquet,1771376642.3018718
..\..\data\raw\systems\parquet\1304\system_1304__date_2015_03_12.snappy.000.parquet,pvdaq/parquet/pvdata/system_id=1304/year=2015/month=3/day=12/system_1304__date_2015_03_12.snappy.000.parquet,1771376642.4968896
..\..\data\raw\systems\parquet\1304\system_1304__date_2015_03_13.snappy.000.parquet,pvdaq/parquet/pvdata/system_id=1304/year=2015/month=3/day=13/system_1304__date_2015_03_13.snappy.000.parquet,1771376642.763804
..\..\data\raw\systems\parquet\1304\system_1304__date_2015_03_14.snappy.000.parquet,pvdaq/parquet/pvdata/system_id=1304/year=2015/month=3/day=14/system_1304__date_2015_03_14.snappy.000.parquet,1771376642.9737942
..\..\data\raw\systems\parquet\1304\system_1304__date_2015_03_15.snappy.000.parquet,pvdaq/parquet/pvdata/system_id=1304/year=2015/month=3/day=15/system_1304__date_2015_03_15.snappy.000.parquet,1771376643.2373924
..\..\data\raw\systems\parquet\1304\system_1304__date_2015_03_16.snappy.000.parquet,pvdaq/parquet/pvdata/system_id=1304/year=2015/month=3/day=16/system_1304__date_2015_03_16.snappy.000.parquet,1771376643.4887936
..\..\data\raw\systems\parquet\1304\system_1304__date_2015_03_17.snappy.000.parquet,pvdaq/parquet/pvdata/system_id=1304/year=2015/month=3/day=17/system_1304__date_2015_03_17.snappy.000.parquet,1771376643.734408
..\..\data\raw\systems\parquet\1304\system_1304__date_2015_03_18.snappy.000.parquet,pvdaq/parquet/pvdata/system_id=1304/year=2015/month=3/day=18/system_1304__date_2015_03_18.snappy.000.parquet,1771376643.9353027
..\..\data\raw\systems\parquet\1304\system_1304__date_2015_03_19.snappy.000.parquet,pvdaq/parquet/pvdata/system_id=1304/year=2015/month=3/day=19/system_1304__date_2015_03_19.snappy.000.parquet,1771376644.159516
..\..\data\raw\systems\parquet\1304\system_1304__date_2015_03_02.snappy.000.parquet,pvdaq/parquet/pvdata/system_id=1304/year=2015/month=3/day=2/system_1304__date_2015_03_02.snappy.000.parquet,1771376644.349526
..\..\data\raw\systems\parquet\1304\system_1304__date_2015_03_20.snappy.000.parquet,pvdaq/parquet/pvdata/system_id=1304/year=2015/month=3/day=20/system_1304__date_2015_03_20.snappy.000.parquet,1771376644.554845
..\..\data\raw\systems\parquet\1304\system_1304__date_2015_03_21.snappy.000.parquet,pvdaq/parquet/pvdata/system_id=1304/year=2015/month=3/day=21/system_1304__date_2015_03_21.snappy.000.parquet,1771376644.7627308
..\..\data\raw\systems\parquet\1304\system_1304__date_2015_03_22.snappy.000.parquet,pvdaq/parquet/pvdata/system_id=1304/year=2015/month=3/day=22/system_1304__date_2015_03_22.snappy.000.parquet,1771376645.0490048
..\..\data\raw\systems\parquet\1304\system_1304__date_2015_03_23.snappy.000.parquet,pvdaq/parquet/pvdata/system_id=1304/year=2015/month=3/day=23/system_1304__date_2015_03_23.snappy.000.parquet,1771376645.2401
..\..\data\raw\systems\parquet\1304\system_1304__date_2015_03_24.snappy.000.parquet,pvdaq/parquet/pvdata/system_id=1304/year=2015/month=3/day=24/system_1304__date_2015_03_24.snappy.000.parquet,1771376645.4718142
..\..\data\raw\systems\parquet\1304\system_1304__date_2015_03_25.snappy.000.parquet,pvdaq/parquet/pvdata/system_id=1304/year=2015/month=3/day=25/system_1304__date_2015_03_25.snappy.000.parquet,1771376646.2643256
..\..\data\raw\systems\parquet\1304\system_1304__date_2015_03_26.snappy.000.parquet,pvdaq/parquet/pvdata/system_id=1304/year=2015/month=3/day=26/system_1304__date_2015_03_26.snappy.000.parquet,1771376646.632021
..\..\data\raw\systems\parquet\1304\system_1304__date_2015_03_27.snappy.000.parquet,pvdaq/parquet/pvdata/system_id=1304/year=2015/month=3/day=27/system_1304__date_2015_03_27.snappy.000.parquet,1771376646.8580475
..\..\data\raw\systems\parquet\1304\system_1304__date_2015_03_28.snappy.000.parquet,pvdaq/parquet/pvdata/system_id=1304/year=2015/month=3/day=28/system_1304__date_2015_03_28.snappy.000.parquet,1771376647.0769315
..\..\data\raw\systems\parquet\1304\system_1304__date_2015_03_29.snappy.000.parquet,pvdaq/parquet/pvdata/system_id=1304/year=2015/month=3/day=29/system_1304__date_2015_03_29.snappy.000.parquet,1771376647.31302
..\..\data\raw\systems\parquet\1304\system_1304__date_2015_03_03.snappy.000.parquet,pvdaq/parquet/pvdata/system_id=1304/year=2015/month=3/day=3/system_1304__date_2015_03_03.snappy.000.parquet,1771376647.543466
..\..\data\raw\systems\parquet\1304\system_1304__date_2015_03_30.snappy.000.parquet,pvdaq/parquet/pvdata/system_id=1304/year=2015/month=3/day=30/system_1304__date_2015_03_30.snappy.000.parquet,1771376647.7918618
..\..\data\raw\systems\parquet\1304\system_1304__date_2015_03_31.snappy.000.parquet,pvdaq/parquet/pvdata/system_id=1304/year=2015/month=3/day=31/system_1304__date_2015_03_31.snappy.000.parquet,1771376647.988857
..\..\data\raw\systems\parquet\1304\system_1304__date_2015_03_04.snappy.000.parquet,pvdaq/parquet/pvdata/system_id=1304/year=2015/month=3/day=4/system_1304__date_2015_03_04.snappy.000.parquet,1771376648.2187893
..\..\data\raw\systems\parquet\1304\system_1304__date_2015_03_05.snappy.000.parquet,pvdaq/parquet/pvdata/system_id=1304/year=2015/month=3/day=5/system_1304__date_2015_03_05.snappy.000.parquet,1771376648.4487867
..\..\data\raw\systems\parquet\1304\system_1304__date_2015_03_06.snappy.000.parquet,pvdaq/parquet/pvdata/system_id=1304/year=2015/month=3/day=6/system_1304__date_2015_03_06.snappy.000.parquet,1771376648.6509106
..\..\data\raw\systems\parquet\1304\system_1304__date_2015_03_07.snappy.000.parquet,pvdaq/parquet/pvdata/system_id=1304/year=2015/month=3/day=7/system_1304__date_2015_03_07.snappy.000.parquet,1771376648.891382
..\..\data\raw\systems\parquet\1304\system_1304__date_2015_03_08.snappy.000.parquet,pvdaq/parquet/pvdata/system_id=1304/year=2015/month=3/day=8/system_1304__date_2015_03_08.snappy.000.parquet,1771376649.1878374
..\..\data\raw\systems\parquet\1304\system_1304__date_2015_03_09.snappy.000.parquet,pvdaq/parquet/pvdata/system_id=1304/year=2015/month=3/day=9/system_1304__date_2015_03_09.snappy.000.parquet,1771376649.3937247
..\..\data\raw\systems\parquet\1304\system_1304__date_2015_08_28.snappy.000.parquet,pvdaq/parquet/pvdata/system_id=1304/year=2015/month=8/day=28/system_1304__date_2015_08_28.snappy.000.parquet,1771376649.6025503
..\..\data\raw\systems\parquet\1304\system_1304__date_2015_08_29.snappy.000.parquet,pvdaq/parquet/pvdata/system_id=1304/year=2015/month=8/day=29/system_1304__date_2015_08_29.snappy.000.parquet,1771376649.8239634
..\..\data\raw\systems\parquet\1304\system_1304__date_2015_08_30.snappy.000.parquet,pvdaq/parquet/pvdata/system_id=1304/year=2015/month=8/day=30/system_1304__date_2015_08_30.snappy.000.parquet,1771376650.0389202
..\..\data\raw\systems\parquet\1304\system_1304__date_2015_08_31.snappy.000.parquet,pvdaq/parquet/pvdata/system_id=1304/year=2015/month=8/day=31/system_1304__date_2015_08_31.snappy.000.parquet,1771376650.2536423
..\..\data\raw\systems\parquet\1304\system_1304__date_2015_09_01.snappy.000.parquet,pvdaq/parquet/pvdata/system_id=1304/year=2015/month=9/day=1/system_1304__date_2015_09_01.snappy.000.parquet,1771376650.460085
..\..\data\raw\systems\parquet\1304\system_1304__date_2015_09_10.snappy.000.parquet,pvdaq/parquet/pvdata/system_id=1304/year=2015/month=9/day=10/system_1304__date_2015_09_10.snappy.000.parquet,1771376650.711527
..\..\data\raw\systems\parquet\1304\system_1304__date_2015_09_11.snappy.000.parquet,pvdaq/parquet/pvdata/system_id=1304/year=2015/month=9/day=11/system_1304__date_2015_09_11.snappy.000.parquet,1771376650.9138553
..\..\data\raw\systems\parquet\1304\system_1304__date_2015_09_12.snappy.000.parquet,pvdaq/parquet/pvdata/system_id=1304/year=2015/month=9/day=12/system_1304__date_2015_09_12.snappy.000.parquet,1771376651.161279
..\..\data\raw\systems\parquet\1304\system_1304__date_2015_09_13.snappy.000.parquet,pvdaq/parquet/pvdata/system_id=1304/year=2015/month=9/day=13/system_1304__date_2015_09_13.snappy.000.parquet,1771376651.3767269
..\..\data\raw\systems\parquet\1304\system_1304__date_2015_09_14.snappy.000.parquet,pvdaq/parquet/pvdata/system_id=1304/year=2015/month=9/day=14/system_1304__date_2015_09_14.snappy.000.parquet,1771376651.6046262
..\..\data\raw\systems\parquet\1304\system_1304__date_2015_09_15.snappy.000.parquet,pvdaq/parquet/pvdata/system_id=1304/year=2015/month=9/day=15/system_1304__date_2015_09_15.snappy.000.parquet,1771376651.8336813
..\..\data\raw\systems\parquet\1304\system_1304__date_2015_09_16.snappy.000.parquet,pvdaq/parquet/pvdata/system_id=1304/year=2015/month=9/day=16/system_1304__date_2015_09_16.snappy.000.parquet,1771376652.0338755
..\..\data\raw\systems\parquet\1304\system_1304__date_2015_09_17.snappy.000.parquet,pvdaq/parquet/pvdata/system_id=1304/year=2015/month=9/day=17/system_1304__date_2015_09_17.snappy.000.parquet,1771376652.2450924
..\..\data\raw\systems\parquet\1304\system_1304__date_2015_09_18.snappy.000.parquet,pvdaq/parquet/pvdata/system_id=1304/year=2015/month=9/day=18/system_1304__date_2015_09_18.snappy.000.parquet,1771376652.4635947
..\..\data\raw\systems\parquet\1304\system_1304__date_2015_09_19.snappy.000.parquet,pvdaq/parquet/pvdata/system_id=1304/year=2015/month=9/day=19/system_1304__date_2015_09_19.snappy.000.parquet,1771376652.7209733
..\..\data\raw\systems\parquet\1304\system_1304__date_2015_09_02.snappy.000.parquet,pvdaq/parquet/pvdata/system_id=1304/year=2015/month=9/day=2/system_1304__date_2015_09_02.snappy.000.parquet,1771376652.9492066
..\..\data\raw\systems\parquet\1304\system_1304__date_2015_09_20.snappy.000.parquet,pvdaq/parquet/pvdata/system_id=1304/year=2015/month=9/day=20/system_1304__date_2015_09_20.snappy.000.parquet,1771376653.1736279
..\..\data\raw\systems\parquet\1304\system_1304__date_2015_09_21.snappy.000.parquet,pvdaq/parquet/pvdata/system_id=1304/year=2015/month=9/day=21/system_1304__date_2015_09_21.snappy.000.parquet,1771376653.418792
..\..\data\raw\systems\parquet\1304\system_1304__date_2015_09_22.snappy.000.parquet,pvdaq/parquet/pvdata/system_id=1304/year=2015/month=9/day=22/system_1304__date_2015_09_22.snappy.000.parquet,1771376653.6415668
..\..\data\raw\systems\parquet\1304\system_1304__date_2015_09_23.snappy.000.parquet,pvdaq/parquet/pvdata/system_id=1304/year=2015/month=9/day=23/system_1304__date_2015_09_23.snappy.000.parquet,1771376653.8518157
..\..\data\raw\systems\parquet\1304\system_1304__date_2015_09_24.snappy.000.parquet,pvdaq/parquet/pvdata/system_id=1304/year=2015/month=9/day=24/system_1304__date_2015_09_24.snappy.000.parquet,1771376654.0945773
..\..\data\raw\systems\parquet\1304\system_1304__date_2015_09_25.snappy.000.parquet,pvdaq/parquet/pvdata/system_id=1304/year=2015/month=9/day=25/system_1304__date_2015_09_25.snappy.000.parquet,1771376654.3061564
..\..\data\raw\systems\parquet\1304\system_1304__date_2015_09_26.snappy.000.parquet,pvdaq/parquet/pvdata/system_id=1304/year=2015/month=9/day=26/system_1304__date_2015_09_26.snappy.000.parquet,1771376654.5097322
..\..\data\raw\systems\parquet\1304\system_1304__date_2015_09_27.snappy.000.parquet,pvdaq/parquet/pvdata/system_id=1304/year=2015/month=9/day=27/system_1304__date_2015_09_27.snappy.000.parquet,1771376654.729727
..\..\data\raw\systems\parquet\1304\system_1304__date_2015_09_28.snappy.000.parquet,pvdaq/parquet/pvdata/system_id=1304/year=2015/month=9/day=28/system_1304__date_2015_09_28.snappy.000.parquet,1771376654.980883
..\..\data\raw\systems\parquet\1304\system_1304__date_2015_09_29.snappy.000.parquet,pvdaq/parquet/pvdata/system_id=1304/year=2015/month=9/day=29/system_1304__date_2015_09_29.snappy.000.parquet,1771376655.2238789
..\..\data\raw\systems\parquet\1304\system_1304__date_2015_09_03.snappy.000.parquet,pvdaq/parquet/pvdata/system_id=1304/year=2015/month=9/day=3/system_1304__date_2015_09_03.snappy.000.parquet,1771376655.4448802
..\..\data\raw\systems\parquet\1304\system_1304__date_2015_09_30.snappy.000.parquet,pvdaq/parquet/pvdata/system_id=1304/year=2015/month=9/day=30/system_1304__date_2015_09_30.snappy.000.parquet,1771376655.6688793
..\..\data\raw\systems\parquet\1304\system_1304__date_2015_09_04.snappy.000.parquet,pvdaq/parquet/pvdata/system_id=1304/year=2015/month=9/day=4/system_1304__date_2015_09_04.snappy.000.parquet,1771376655.9493725
..\..\data\raw\systems\parquet\1304\system_1304__date_2015_09_05.snappy.000.parquet,pvdaq/parquet/pvdata/system_id=1304/year=2015/month=9/day=5/system_1304__date_2015_09_05.snappy.000.parquet,1771376656.1918051
..\..\data\raw\systems\parquet\1304\system_1304__date_2015_09_06.snappy.000.parquet,pvdaq/parquet/pvdata/system_id=1304/year=2015/month=9/day=6/system_1304__date_2015_09_06.snappy.000.parquet,1771376656.4151309
..\..\data\raw\systems\parquet\1304\system_1304__date_2015_09_07.snappy.000.parquet,pvdaq/parquet/pvdata/system_id=1304/year=2015/month=9/day=7/system_1304__date_2015_09_07.snappy.000.parquet,1771376656.6183798
..\..\data\raw\systems\parquet\1304\system_1304__date_2015_09_08.snappy.000.parquet,pvdaq/parquet/pvdata/system_id=1304/year=2015/month=9/day=8/system_1304__date_2015_09_08.snappy.000.parquet,1771376656.8393385
..\..\data\raw\systems\parquet\1304\system_1304__date_2015_09_09.snappy.000.parquet,pvdaq/parquet/pvdata/system_id=1304/year=2015/month=9/day=9/system_1304__date_2015_09_09.snappy.000.parquet,1771376657.084114
..\..\data\raw\systems\parquet\1304\system_1304__date_2016_05_23.snappy.000.parquet,pvdaq/parquet/pvdata/system_id=1304/year=2016/month=5/day=23/system_1304__date_2016_05_23.snappy.000.parquet,1771376657.3539603
..\..\data\raw\systems\parquet\1304\system_1304__date_2016_05_24.snappy.000.parquet,pvdaq/parquet/pvdata/system_id=1304/year=2016/month=5/day=24/system_1304__date_2016_05_24.snappy.000.parquet,1771376657.5618775
..\..\data\raw\systems\parquet\1304\system_1304__date_2016_05_25.snappy.000.parquet,pvdaq/parquet/pvdata/system_id=1304/year=2016/month=5/day=25/system_1304__date_2016_05_25.snappy.000.parquet,1771376658.389855
..\..\data\raw\systems\parquet\1304\system_1304__date_2016_05_26.snappy.000.parquet,pvdaq/parquet/pvdata/system_id=1304/year=2016/month=5/day=26/system_1304__date_2016_05_26.snappy.000.parquet,1771376658.6118536
..\..\data\raw\systems\parquet\1304\system_1304__date_2016_05_27.snappy.000.parquet,pvdaq/parquet/pvdata/system_id=1304/year=2016/month=5/day=27/system_1304__date_2016_05_27.snappy.000.parquet,1771376658.8665214
..\..\data\raw\systems\parquet\1304\system_1304__date_2016_05_28.snappy.000.parquet,pvdaq/parquet/pvdata/system_id=1304/year=2016/month=5/day=28/system_1304__date_2016_05_28.snappy.000.parquet,1771376659.1048746
..\..\data\raw\systems\parquet\1304\system_1304__date_2016_05_29.snappy.000.parquet,pvdaq/parquet/pvdata/system_id=1304/year=2016/month=5/day=29/system_1304__date_2016_05_29.snappy.000.parquet,1771376659.3329756
..\..\data\raw\systems\parquet\1304\system_1304__date_2016_05_30.snappy.000.parquet,pvdaq/parquet/pvdata/system_id=1304/year=2016/month=5/day=30/system_1304__date_2016_05_30.snappy.000.parquet,1771376659.6008828
..\..\data\raw\systems\parquet\1304\system_1304__date_2016_05_31.snappy.000.parquet,pvdaq/parquet/pvdata/system_id=1304/year=2016/month=5/day=31/system_1304__date_2016_05_31.snappy.000.parquet,1771376659.7966888
..\..\data\raw\systems\parquet\1304\system_1304__date_2016_06_01.snappy.000.parquet,pvdaq/parquet/pvdata/system_id=1304/year=2016/month=6/day=1/system_1304__date_2016_06_01.snappy.000.parquet,1771376660.0012755
..\..\data\raw\systems\parquet\1304\system_1304__date_2016_06_10.snappy.000.parquet,pvdaq/parquet/pvdata/system_id=1304/year=2016/month=6/day=10/system_1304__date_2016_06_10.snappy.000.parquet,1771376660.1983058
..\..\data\raw\systems\parquet\1304\system_1304__date_2016_06_11.snappy.000.parquet,pvdaq/parquet/pvdata/system_id=1304/year=2016/month=6/day=11/system_1304__date_2016_06_11.snappy.000.parquet,1771376660.4307377
..\..\data\raw\systems\parquet\1304\system_1304__date_2016_06_12.snappy.000.parquet,pvdaq/parquet/pvdata/system_id=1304/year=2016/month=6/day=12/system_1304__date_2016_06_12.snappy.000.parquet,1771376660.6587846
..\..\data\raw\systems\parquet\1304\system_1304__date_2016_06_13.snappy.000.parquet,pvdaq/parquet/pvdata/system_id=1304/year=2016/month=6/day=13/system_1304__date_2016_06_13.snappy.000.parquet,1771376660.8518553
..\..\data\raw\systems\parquet\1304\system_1304__date_2016_06_14.snappy.000.parquet,pvdaq/parquet/pvdata/system_id=1304/year=2016/month=6/day=14/system_1304__date_2016_06_14.snappy.000.parquet,1771376661.0738652
..\..\data\raw\systems\parquet\1304\system_1304__date_2016_06_15.snappy.000.parquet,pvdaq/parquet/pvdata/system_id=1304/year=2016/month=6/day=15/system_1304__date_2016_06_15.snappy.000.parquet,1771376661.2924044
..\..\data\raw\systems\parquet\1304\system_1304__date_2016_06_16.snappy.000.parquet,pvdaq/parquet/pvdata/system_id=1304/year=2016/month=6/day=16/system_1304__date_2016_06_16.snappy.000.parquet,1771376661.5488417
..\..\data\raw\systems\parquet\1304\system_1304__date_2016_06_17.snappy.000.parquet,pvdaq/parquet/pvdata/system_id=1304/year=2016/month=6/day=17/system_1304__date_2016_06_17.snappy.000.parquet,1771376661.7911553
..\..\data\raw\systems\parquet\1304\system_1304__date_2016_06_18.snappy.000.parquet,pvdaq/parquet/pvdata/system_id=1304/year=2016/month=6/day=18/system_1304__date_2016_06_18.snappy.000.parquet,1771376662.0111403
..\..\data\raw\systems\parquet\1304\system_1304__date_2016_06_19.snappy.000.parquet,pvdaq/parquet/pvdata/system_id=1304/year=2016/month=6/day=19/system_1304__date_2016_06_19.snappy.000.parquet,1771376662.276956
..\..\data\raw\systems\parquet\1304\system_1304__date_2016_06_02.snappy.000.parquet,pvdaq/parquet/pvdata/system_id=1304/year=2016/month=6/day=2/system_1304__date_2016_06_02.snappy.000.parquet,1771376662.4949582
..\..\data\raw\systems\parquet\1304\system_1304__date_2016_06_20.snappy.000.parquet,pvdaq/parquet/pvdata/system_id=1304/year=2016/month=6/day=20/system_1304__date_2016_06_20.snappy.000.parquet,1771376662.691835
..\..\data\raw\systems\parquet\1304\system_1304__date_2016_06_21.snappy.000.parquet,pvdaq/parquet/pvdata/system_id=1304/year=2016/month=6/day=21/system_1304__date_2016_06_21.snappy.000.parquet,1771376662.9072146
..\..\data\raw\systems\parquet\1304\system_1304__date_2016_06_22.snappy.000.parquet,pvdaq/parquet/pvdata/system_id=1304/year=2016/month=6/day=22/system_1304__date_2016_06_22.snappy.000.parquet,1771376663.1268408
..\..\data\raw\systems\parquet\1304\system_1304__date_2016_06_23.snappy.000.parquet,pvdaq/parquet/pvdata/system_id=1304/year=2016/month=6/day=23/system_1304__date_2016_06_23.snappy.000.parquet,1771376663.3537283
..\..\data\raw\systems\parquet\1304\system_1304__date_2016_06_24.snappy.000.parquet,pvdaq/parquet/pvdata/system_id=1304/year=2016/month=6/day=24/system_1304__date_2016_06_24.snappy.000.parquet,1771376663.601304
..\..\data\raw\systems\parquet\1304\system_1304__date_2016_06_25.snappy.000.parquet,pvdaq/parquet/pvdata/system_id=1304/year=2016/month=6/day=25/system_1304__date_2016_06_25.snappy.000.parquet,1771376663.8246784
..\..\data\raw\systems\parquet\1304\system_1304__date_2016_06_26.snappy.000.parquet,pvdaq/parquet/pvdata/system_id=1304/year=2016/month=6/day=26/system_1304__date_2016_06_26.snappy.000.parquet,1771376664.0209477
..\..\data\raw\systems\parquet\1304\system_1304__date_2016_06_27.snappy.000.parquet,pvdaq/parquet/pvdata/system_id=1304/year=2016/month=6/day=27/system_1304__date_2016_06_27.snappy.000.parquet,1771376664.219454
..\..\data\raw\systems\parquet\1304\system_1304__date_2016_06_28.snappy.000.parquet,pvdaq/parquet/pvdata/system_id=1304/year=2016/month=6/day=28/system_1304__date_2016_06_28.snappy.000.parquet,1771376664.4152758
..\..\data\raw\systems\parquet\1304\system_1304__date_2016_06_29.snappy.000.parquet,pvdaq/parquet/pvdata/system_id=1304/year=2016/month=6/day=29/system_1304__date_2016_06_29.snappy.000.parquet,1771376664.6528804
..\..\data\raw\systems\parquet\1304\system_1304__date_2016_06_03.snappy.000.parquet,pvdaq/parquet/pvdata/system_id=1304/year=2016/month=6/day=3/system_1304__date_2016_06_03.snappy.000.parquet,1771376664.8623145
..\..\data\raw\systems\parquet\1304\system_1304__date_2016_06_30.snappy.000.parquet,pvdaq/parquet/pvdata/system_id=1304/year=2016/month=6/day=30/system_1304__date_2016_06_30.snappy.000.parquet,1771376665.0734167
..\..\data\raw\systems\parquet\1304\system_1304__date_2016_06_04.snappy.000.parquet,pvdaq/parquet/pvdata/system_id=1304/year=2016/month=6/day=4/system_1304__date_2016_06_04.snappy.000.parquet,1771376665.2902348
..\..\data\raw\systems\parquet\1304\system_1304__date_2016_06_05.snappy.000.parquet,pvdaq/parquet/pvdata/system_id=1304/year=2016/month=6/day=5/system_1304__date_2016_06_05.snappy.000.parquet,1771376665.5068765
..\..\data\raw\systems\parquet\1304\system_1304__date_2016_06_06.snappy.000.parquet,pvdaq/parquet/pvdata/system_id=1304/year=2016/month=6/day=6/system_1304__date_2016_06_06.snappy.000.parquet,1771376665.7328622
..\..\data\raw\systems\parquet\1304\system_1304__date_2016_06_07.snappy.000.parquet,pvdaq/parquet/pvdata/system_id=1304/year=2016/month=6/day=7/system_1304__date_2016_06_07.snappy.000.parquet,1771376665.9423842
..\..\data\raw\systems\parquet\1304\system_1304__date_2016_06_08.snappy.000.parquet,pvdaq/parquet/pvdata/system_id=1304/year=2016/month=6/day=8/system_1304__date_2016_06_08.snappy.000.parquet,1771376666.178359
..\..\data\raw\systems\parquet\1304\system_1304__date_2016_06_09.snappy.000.parquet,pvdaq/parquet/pvdata/system_id=1304/year=2016/month=6/day=9/system_1304__date_2016_06_09.snappy.000.parquet,1771376666.3835108
..\..\data\raw\systems\parquet\1304\system_1304__date_2016_07_01.snappy.000.parquet,pvdaq/parquet/pvdata/system_id=1304/year=2016/month=7/day=1/system_1304__date_2016_07_01.snappy.000.parquet,1771376666.5777247
..\..\data\raw\systems\parquet\1304\system_1304__date_2016_07_10.snappy.000.parquet,pvdaq/parquet/pvdata/system_id=1304/year=2016/month=7/day=10/system_1304__date_2016_07_10.snappy.000.parquet,1771376666.786861
..\..\data\raw\systems\parquet\1304\system_1304__date_2016_07_11.snappy.000.parquet,pvdaq/parquet/pvdata/system_id=1304/year=2016/month=7/day=11/system_1304__date_2016_07_11.snappy.000.parquet,1771376666.996776
..\..\data\raw\systems\parquet\1304\system_1304__date_2016_07_12.snappy.000.parquet,pvdaq/parquet/pvdata/system_id=1304/year=2016/month=7/day=12/system_1304__date_2016_07_12.snappy.000.parquet,1771376667.2146583
..\..\data\raw\systems\parquet\1304\system_1304__date_2016_07_13.snappy.000.parquet,pvdaq/parquet/pvdata/system_id=1304/year=2016/month=7/day=13/system_1304__date_2016_07_13.snappy.000.parquet,1771376667.4263368
..\..\data\raw\systems\parquet\1304\system_1304__date_2016_07_14.snappy.000.parquet,pvdaq/parquet/pvdata/system_id=1304/year=2016/month=7/day=14/system_1304__date_2016_07_14.snappy.000.parquet,1771376667.6394465
..\..\data\raw\systems\parquet\1304\system_1304__date_2016_07_15.snappy.000.parquet,pvdaq/parquet/pvdata/system_id=1304/year=2016/month=7/day=15/system_1304__date_2016_07_15.snappy.000.parquet,1771376667.8716805
..\..\data\raw\systems\parquet\1304\system_1304__date_2016_07_16.snappy.000.parquet,pvdaq/parquet/pvdata/system_id=1304/year=2016/month=7/day=16/system_1304__date_2016_07_16.snappy.000.parquet,1771376668.1379771
..\..\data\raw\systems\parquet\1304\system_1304__date_2016_07_17.snappy.000.parquet,pvdaq/parquet/pvdata/system_id=1304/year=2016/month=7/day=17/system_1304__date_2016_07_17.snappy.000.parquet,1771376668.3618789
..\..\data\raw\systems\parquet\1304\system_1304__date_2016_07_18.snappy.000.parquet,pvdaq/parquet/pvdata/system_id=1304/year=2016/month=7/day=18/system_1304__date_2016_07_18.snappy.000.parquet,1771376668.5860012
..\..\data\raw\systems\parquet\1304\system_1304__date_2016_07_19.snappy.000.parquet,pvdaq/parquet/pvdata/system_id=1304/year=2016/month=7/day=19/system_1304__date_2016_07_19.snappy.000.parquet,1771376668.8578641
..\..\data\raw\systems\parquet\1304\system_1304__date_2016_07_02.snappy.000.parquet,pvdaq/parquet/pvdata/system_id=1304/year=2016/month=7/day=2/system_1304__date_2016_07_02.snappy.000.parquet,1771376669.0658715
..\..\data\raw\systems\parquet\1304\system_1304__date_2016_07_20.snappy.000.parquet,pvdaq/parquet/pvdata/system_id=1304/year=2016/month=7/day=20/system_1304__date_2016_07_20.snappy.000.parquet,1771376669.308612
..\..\data\raw\systems\parquet\1304\system_1304__date_2016_07_21.snappy.000.parquet,pvdaq/parquet/pvdata/system_id=1304/year=2016/month=7/day=21/system_1304__date_2016_07_21.snappy.000.parquet,1771376670.1279058
..\..\data\raw\systems\parquet\1304\system_1304__date_2016_07_22.snappy.000.parquet,pvdaq/parquet/pvdata/system_id=1304/year=2016/month=7/day=22/system_1304__date_2016_07_22.snappy.000.parquet,1771376670.3756895
..\..\data\raw\systems\parquet\1304\system_1304__date_2016_07_23.snappy.000.parquet,pvdaq/parquet/pvdata/system_id=1304/year=2016/month=7/day=23/system_1304__date_2016_07_23.snappy.000.parquet,1771376670.5898418
..\..\data\raw\systems\parquet\1304\system_1304__date_2016_07_24.snappy.000.parquet,pvdaq/parquet/pvdata/system_id=1304/year=2016/month=7/day=24/system_1304__date_2016_07_24.snappy.000.parquet,1771376670.8445563
..\..\data\raw\systems\parquet\1304\system_1304__date_2016_07_25.snappy.000.parquet,pvdaq/parquet/pvdata/system_id=1304/year=2016/month=7/day=25/system_1304__date_2016_07_25.snappy.000.parquet,1771376671.0639818
..\..\data\raw\systems\parquet\1304\system_1304__date_2016_07_26.snappy.000.parquet,pvdaq/parquet/pvdata/system_id=1304/year=2016/month=7/day=26/system_1304__date_2016_07_26.snappy.000.parquet,1771376671.3347468
..\..\data\raw\systems\parquet\1304\system_1304__date_2016_07_27.snappy.000.parquet,pvdaq/parquet/pvdata/system_id=1304/year=2016/month=7/day=27/system_1304__date_2016_07_27.snappy.000.parquet,1771376671.5387354
..\..\data\raw\systems\parquet\1304\system_1304__date_2016_07_28.snappy.000.parquet,pvdaq/parquet/pvdata/system_id=1304/year=2016/month=7/day=28/system_1304__date_2016_07_28.snappy.000.parquet,1771376671.7538688
..\..\data\raw\systems\parquet\1304\system_1304__date_2016_07_29.snappy.000.parquet,pvdaq/parquet/pvdata/system_id=1304/year=2016/month=7/day=29/system_1304__date_2016_07_29.snappy.000.parquet,1771376671.983989
..\..\data\raw\systems\parquet\1304\system_1304__date_2016_07_03.snappy.000.parquet,pvdaq/parquet/pvdata/system_id=1304/year=2016/month=7/day=3/system_1304__date_2016_07_03.snappy.000.parquet,1771376672.1991045
..\..\data\raw\systems\parquet\1304\system_1304__date_2016_07_30.snappy.000.parquet,pvdaq/parquet/pvdata/system_id=1304/year=2016/month=7/day=30/system_1304__date_2016_07_30.snappy.000.parquet,1771376672.4289541
..\..\data\raw\systems\parquet\1304\system_1304__date_2016_07_31.snappy.000.parquet,pvdaq/parquet/pvdata/system_id=1304/year=2016/month=7/day=31/system_1304__date_2016_07_31.snappy.000.parquet,1771376672.6727998
..\..\data\raw\systems\parquet\1304\system_1304__date_2016_07_04.snappy.000.parquet,pvdaq/parquet/pvdata/system_id=1304/year=2016/month=7/day=4/system_1304__date_2016_07_04.snappy.000.parquet,1771376672.873039
..\..\data\raw\systems\parquet\1304\system_1304__date_2016_07_05.snappy.000.parquet,pvdaq/parquet/pvdata/system_id=1304/year=2016/month=7/day=5/system_1304__date_2016_07_05.snappy.000.parquet,1771376673.1111786
..\..\data\raw\systems\parquet\1304\system_1304__date_2016_07_06.snappy.000.parquet,pvdaq/parquet/pvdata/system_id=1304/year=2016/month=7/day=6/system_1304__date_2016_07_06.snappy.000.parquet,1771376673.315944
..\..\data\raw\systems\parquet\1304\system_1304__date_2016_07_07.snappy.000.parquet,pvdaq/parquet/pvdata/system_id=1304/year=2016/month=7/day=7/system_1304__date_2016_07_07.snappy.000.parquet,1771376673.522809
..\..\data\raw\systems\parquet\1304\system_1304__date_2016_07_08.snappy.000.parquet,pvdaq/parquet/pvdata/system_id=1304/year=2016/month=7/day=8/system_1304__date_2016_07_08.snappy.000.parquet,1771376673.7403078
..\..\data\raw\systems\parquet\1304\system_1304__date_2016_07_09.snappy.000.parquet,pvdaq/parquet/pvdata/system_id=1304/year=2016/month=7/day=9/system_1304__date_2016_07_09.snappy.000.parquet,1771376673.9808118
..\..\data\raw\systems\parquet\1304\system_1304__date_2016_08_01.snappy.000.parquet,pvdaq/parquet/pvdata/system_id=1304/year=2016/month=8/day=1/system_1304__date_2016_08_01.snappy.000.parquet,1771376674.251849
..\..\data\raw\systems\parquet\1304\system_1304__date_2016_08_10.snappy.000.parquet,pvdaq/parquet/pvdata/system_id=1304/year=2016/month=8/day=10/system_1304__date_2016_08_10.snappy.000.parquet,1771376674.5243995
..\..\data\raw\systems\parquet\1304\system_1304__date_2016_08_11.snappy.000.parquet,pvdaq/parquet/pvdata/system_id=1304/year=2016/month=8/day=11/system_1304__date_2016_08_11.snappy.000.parquet,1771376674.7413063
..\..\data\raw\systems\parquet\1304\system_1304__date_2016_08_12.snappy.000.parquet,pvdaq/parquet/pvdata/system_id=1304/year=2016/month=8/day=12/system_1304__date_2016_08_12.snappy.000.parquet,1771376674.9645984
..\..\data\raw\systems\parquet\1304\system_1304__date_2016_08_13.snappy.000.parquet,pvdaq/parquet/pvdata/system_id=1304/year=2016/month=8/day=13/system_1304__date_2016_08_13.snappy.000.parquet,1771376675.1738849
..\..\data\raw\systems\parquet\1304\system_1304__date_2016_08_14.snappy.000.parquet,pvdaq/parquet/pvdata/system_id=1304/year=2016/month=8/day=14/system_1304__date_2016_08_14.snappy.000.parquet,1771376675.396736
..\..\data\raw\systems\parquet\1304\system_1304__date_2016_08_15.snappy.000.parquet,pvdaq/parquet/pvdata/system_id=1304/year=2016/month=8/day=15/system_1304__date_2016_08_15.snappy.000.parquet,1771376675.6198697
..\..\data\raw\systems\parquet\1304\system_1304__date_2016_08_16.snappy.000.parquet,pvdaq/parquet/pvdata/system_id=1304/year=2016/month=8/day=16/system_1304__date_2016_08_16.snappy.000.parquet,1771376675.830728
..\..\data\raw\systems\parquet\1304\system_1304__date_2016_08_02.snappy.000.parquet,pvdaq/parquet/pvdata/system_id=1304/year=2016/month=8/day=2/system_1304__date_2016_08_02.snappy.000.parquet,1771376676.042491
..\..\data\raw\systems\parquet\1304\system_1304__date_2016_08_03.snappy.000.parquet,pvdaq/parquet/pvdata/system_id=1304/year=2016/month=8/day=3/system_1304__date_2016_08_03.snappy.000.parquet,1771376676.329051
..\..\data\raw\systems\parquet\1304\system_1304__date_2016_08_04.snappy.000.parquet,pvdaq/parquet/pvdata/system_id=1304/year=2016/month=8/day=4/system_1304__date_2016_08_04.snappy.000.parquet,1771376676.5490277
..\..\data\raw\systems\parquet\1304\system_1304__date_2016_08_05.snappy.000.parquet,pvdaq/parquet/pvdata/system_id=1304/year=2016/month=8/day=5/system_1304__date_2016_08_05.snappy.000.parquet,1771376676.786929
..\..\data\raw\systems\parquet\1304\system_1304__date_2016_08_06.snappy.000.parquet,pvdaq/parquet/pvdata/system_id=1304/year=2016/month=8/day=6/system_1304__date_2016_08_06.snappy.000.parquet,1771376676.994878
..\..\data\raw\systems\parquet\1304\system_1304__date_2016_08_07.snappy.000.parquet,pvdaq/parquet/pvdata/system_id=1304/year=2016/month=8/day=7/system_1304__date_2016_08_07.snappy.000.parquet,1771376677.2320354
..\..\data\raw\systems\parquet\1304\system_1304__date_2016_08_08.snappy.000.parquet,pvdaq/parquet/pvdata/system_id=1304/year=2016/month=8/day=8/system_1304__date_2016_08_08.snappy.000.parquet,1771376677.4380903
..\..\data\raw\systems\parquet\1304\system_1304__date_2016_08_09.snappy.000.parquet,pvdaq/parquet/pvdata/system_id=1304/year=2016/month=8/day=9/system_1304__date_2016_08_09.snappy.000.parquet,1771376677.657662
